Aaronsburg
Abbeville
Abercrombie
Aberdeen
Abernathy
Abilene
Abingdon
Abington
Abrams
Absarokee
Absecon
Accokeek
Accomac
Accord
Ackley
Acme
Acton
Acushnet
Acworth
Adair
Adairsville
Adams
Adamsburg
Adamstown
Adamsville
Addieville
Addis
Addy
Adelanto
Adelphia
Adger
Adirondack
Adna
Adona
Adrian
Afton
Agar
Agate
Agatha
Agawam
Ages Brookside
Agness
Agoura Hills
Ahoskie
Aiea
Aiken
Ainsworth
Airway Heights
Airy
Aitkin
Akron
Alabaster
Alachua
Alameda
Alamitos
Alamo
Alamos
Alamosa
Alanson
Albans
Albany
Albemarle
Albert City
Albert Lea
Albertson
Albertville
Albia
Albion
Albuquerque
Alburnett
Alcester
Alcoa
Alda
Alden
Alderson
Aldie
Aledo
Aleppo
Alexandria
Alger
Algodones
Algoma
Algona
Algonac
Algonquin
Alhambra
Alief
Aliquippa
Aliso Viejo
Allamuchy
Allegan
Allegany
Alleghany
Alleman
Allen Park
Allendale
Allenhurst
Allenspark
Allenton
Allentown
Allenwood
Allerton
Allgood
Alliance
Allison Park
Alloway
Allston
Alma
Almena
Almira
Almont
Alpaugh
Alpena
Alpharetta
Alsea
Alsip
Alstead
Altadena
Altamont
Altaville
Altavista
Altenburg
Altha
Altheimer
Alton
Altoona
Altos
Altura
Altus
Alvarado
Alvin
Alviso
Amado
Amagansett
Amana
Amanda Park
Amargosa Valley
Amarillo
Amawalk
Amberg
Ambler
Amboy
Ambridge
Amelia
Amenia
Americus
Amery
Ames
Amesbury
Amf o'Hare
Amherst
Amidon
Amite
Amityville
Amoret
Amory
Amston
Anacortes
Anadarko
Anaheim
Anahuac
Anamoose
Anamosa
Anatone
Ancram
Ancramdale
Andalusia
Anderson
Andersonville
Andover
Andreas
Andrews
Angel Fire
Angeles
Angelo
Angels Camp
Angier
Angleton
Angola
Angoon
Angwin
Animas
Ankeny
Ann Arbor
Anna Maria
Annandale
Annapolis
Annawan
Anniston
Annville
Anoka
Anselmo
Ansgar
Anson
Ansonia
Ansted
Antelope
Antigo
Antioch
Antlers
Anton
Antonio
Antrim
Apache Junction
Apalachicola
Apalachin
Apex
Aplington
Apollo
Apopka
Apple Creek
Apple River
Apple Springs
Apple Valley
Applegate
Appleton
Appling
Appomattox
Aptos
Arabi
Aransas Pass
Arapahoe
Arbuckle
Arbyrd
Arcade
Arcadia
Arcanum
Arcata
Archbald
Archbold
Archer City
Archie
Arco
Arcola
Arden
Ardmore
Ardo
Ardsley
Arena
Arenzville
Argonia
Argos
Argusville
Argyle
Arimo
Arizona City
Arkadelphia
Arkansas City
Arlee
Arlington
Armada
Armonk
Armorel
Armour
Armstrong
Arnaudville
Arnett
Arnold
Aromas
Arroyo Grande
Artesia
Arvada
Arvin
Asbury
Ascutney
Ash Flat
Ash Fork
Ash Grove
Ashaway
Ashburn
Ashby
Ashdown
Asheboro
Asher
Asheville
Ashfield
Ashford
Ashippun
Ashland
Ashley Falls
Ashtabula
Ashton
Ashville
Askov
Asotin
Aspen
Aspermont
Assaria
Aston
Astoria
Atascadero
Atascosa
Atchison
Atco
Atglen
Athena
Atherton
Athol
Atkins
Atkinson
Atlanta
Atlantic
Atmore
Atoka
Atqasuk
Attalla
Attica
Attleboro
Atwater
Atwood
Au Gres
Auberry
Aubrey
Auburndale
Audubon
Augusta
Augustine
Aukum
Aulander
Ault
Aumsville
Aurelia
Aurora
Austell
Austerlitz
Austin
Austinburg
Autaugaville
Auxvasse
Avalon
Avenal
Avenel
Averill Park
Avery
AviBeach
Avilla
Avoca
Avondale
Axtell
Aydlett
Ayer
Aylett
Ayr
Azalia
Azle
Azusa
Babson Park
Babylon
Backus
BaCynwyd
Bad Axe
Baden
Baggs
Bagley
Bailey
Baileyville
Bainbridge
Bainville
Baird
Baisden
Baker City
Bakersfield
Bakersville
Balaton
Bald Knob
Baldwin
Baldwyn
Baldy
Ball Ground
Ballard
Ballentine
Ballinger
Ballston Lake
Ballston Spa
Ballwin
Balsam Lake
Baltic
Baltimore
Bamberg
Bancroft
Bandera
Bandon
Bangall
Bangor
Banner Elk
Banning
Banos
Bantam
Bantry
Bar Harbor
Bar Mills
Baraboo
Baraga
Barbara
Barberton
Barboursville
Barbourville
Barco
Bardstown
Bardwell
Barker
Barkhamsted
Barksdale
Barling
Barlow
Barnard
Barnardsville
Barnegat
Barnesville
Barneveld
Barnhart
Barnhill
Barnsdall
Barnstable
Barnstead
Barnum
Barnwell
Baroda
Barre
Barrett
Barrington
Barron
Barrow
Barrytown
Barstow
Bartelso
Bartlesville
Bartlett
Barto
Barton City
Bartonsville
Bartow
Basalt
Bascom
Basehor
Basking Ridge
Bass Harbor
Bassett
Bastian
Bastrop
Batavia
Bates City
Batesburg
Batesland
Batesville
Baton Rouge
Battle Creek
Battle Ground
Battle Lake
Battle Mountain
Battleboro
Baudette
Bauxite
Baxley
Baxter
Baxter Springs
Bayard
Bayboro
Bayfield
Bayonne
Bayport
Bayside
Baytown
Bayville
Beach City
Beach Haven
Beachwood
Beacon Falls
Beale
Bealeton
Beals
Bear Creek
Bear Lake
Bear Mountain
Bear River City
Beardsley
Beardstown
Bearsville
Beattyville
Beaufort
Beaumont
Beaver City
Beaver Dam
Beaver Falls
Beaver Island
Beavercreek
Beaverton
Beavertown
Bechtelsville
Becker
Becket
Beckley
Bedford
Bedminster
Beebe
Beech Grove
Beecher
Beeville
Beggs
Bel Air
Belcamp
Belchertown
Belcourt
Belding
Belen
Belews Creek
Belfair
Belfast
Belfield
Belford
Belhaven
Bell City
Bell Gardens
Bellaire
Bellbrook
Belle Chasse
Belle Fourche
Belle Glade
Belle Mead
Belle Plaine
Belle Vernon
Bellefontaine
Bellefonte
Bellerose
Belleview
Belleville
Bellevue
Bellflower
Bellingham
Bellmawr
Bellmore
Bellows Falls
Bellport
Bellville
Bellvue
Bellwood
Belmar
Belmond
Belmont
Beloit
Belton
Beltrami
Beltsville
Belvedere Tiburon
Belvidere
Belview
BelVista
Belvoir
Belzoni
Bement
Bemidji
Ben Lomond
Benavides
Bendersville
Benedict
Benedicta
Benge
Benicia
Benito
Benkelman
Bennett
Bennettsville
Benning
Bennington
Benoit
Bensalem
Bensenville
Benson
Bent Mountain
Bentleyville
Benton
Bentonville
Benzonia
Berea
Beresford
Bergen
Bergenfield
Berger
Bergland
Berkeley
Berkley
Berkshire
Bernalillo
Bernard
Bernardino
Bernardston
Bernardsville
Berne
Bernie
Bernstadt
Bernville
Berrien Springs
Berry
Berryville
Bertha
Berthold
Berthoud
Bertrand
Berwick
Berwyn
Bessemer
Bessie
Bethalto
Bethany
Bethel
Bethesda
Bethpage
Bethune
Bettendorf
Bettsville
Beulah
Beverly Hills
Bevier
Bickleton
Bicknell
Biddeford
Big Bear City
Big Bear Lake
Big Flats
Big Oak Flat
Big Pine Key
Big Piney
Big Rapids
Big Sandy
Big Springs
Big Stone City
Big Stone Gap
Big sur
Big Timber
Bigelow
Bigfork
Biggs
Biggsville
Bigler
Biglerville
Billerica
Billings
Biloxi
Binford
Bingen
Binger
Bingham
Binghamton
Bippus
Birch Run
Birchwood
Bird City
Bird Island
Birdsboro
Birdseye
Birmingham
Bisbee
Bishop
Bishopville
Bismarck
Bison
Bixby
Blachly
Black Creek
Black Diamond
Black Eagle
Black Earth
Black Hawk
Black Mountain
Black River Falls
Blackduck
Blackfoot
Blacklick
Blacksburg
Blackshear
Blackstone
Blackville
Blackwater
Blackwell
Blackwood
Bladensburg
Blain
Blaine
Blair
Blakely
Blanch
Blanchard
Blanchester
Blanco
Blandford
Blanding
Blandon
Blauvelt
Blenker
Blissfield
Block Island
Blomkest
Bloomdale
Bloomer
Bloomfield
Blooming Glen
Blooming Prairie
Bloomingdale
Bloomington
Bloomsburg
Bloomsbury
Blountstown
Blountsville
Blountville
Blue Earth
Blue Hill
Blue Mound
Blue Mountain
Blue Point
Blue Rapids
Blue Ridge
Blue Springs
Bluefield
Bluejacket
Bluff City
Bluffton
Blythe
Blytheville
Blythewood
Boalsburg
Boardman
Boaz
Bobtown
Boca Grande
Boca Raton
Bodega Bay
Boerne
Bogalusa
Bogart
Bohemia
Boiling Springs
Boise City
Bokoshe
Bolinas
Boling
Bolingbroke
Bolingbrook
Bolton
Bomoseen
Bon Aqua
Bonaparte
Bonaventure
Bonduel
Bondurant
Bonesteel
Bonham
Bonifacius
Bonifay
Bonita
Bonne Terre
Bonner
Bonsall
Boone
Boons Camp
Boonton
Boonville
Boothbay
Borden
Bordentown
Borger
Boron
Borrego Springs
Borup
Boscobel
Bosque
Bossier City
Boston
Boswell
Bosworth
Bothell
Botkins
Bottineau
Boulder City
Boulder Creek
Boulder Junction
Bound Brook
Bountiful
Bourbonnais
Boutte
Bovard
Bowbells
Bowdle
Bowdoinham
Bowdon
Bowerston
Bowie
Bowler
Bowling Green
Bowman
Bowmansville
Box Elder
Boxborough
Boxford
Boxholm
Boyce
Boyceville
Boyden
Boyds
Boydton
Boyertown
Boyes Hot Springs
Boykins
Boylston
Boyne City
Boyne Falls
Boynton Beach
Boys Town
Bozeman
Bozrah
Braceville
Bracey
Brackenridge
Brackettville
Braddock
Bradenton
Bradford
Bradley Beach
Bradleyville
Bragg
Braham
Brainard
Brainerd
Braintree
Branchton
Branchville
Brandenburg
Brandon
Brandywine
Branford
Branson
Brant
Braselton
Brashear
Brasher Falls
Brasstown
Brattleboro
Braunfels
Brawley
Bray
Braymer
Brazoria
Brea
Breaux Bridge
Breckenridge
Brecksville
Breese
Breezewood
Breinigsville
Bremerton
Brenham
Brenton
Brentwood
Brethren
Brevard
Brevard County
Brewer
Brewerton
Brewster
Brewton
Briarcliff Manor
Bricelyn
Bridge City
Bridgehampton
Bridgeport
Bridger
Bridgeton
Bridgeview
Bridgeville
Bridgewater
Bridgman
Bridgton
Brielle
Brier Hill
Brigantine
Briggs
Brigham City
Brighton
Brightwaters
Brillion
Brimfield
Brimley
Brimson
Brinkley
Brinnon
Brisbane
Briscoe
Bristol
Bristolville
Bristow
Britt
Britton
Broad Brook
Broad Top
Broadalbin
Broadlands
Broadus
Broadview Heights
Broadway
Brockport
Brockton
Brockway
Brockwell
Brodhead
Brodheadsville
Brohard
Brokaw
Broken Arrow
Broken Bow
Bronaugh
Bronson
Bronx
Brookdale
Brookeville
Brookfield
Brookhaven
Brookings
Brookland
Brooklet
Brooklin
Brookline
Brooklyn
Brookneal
Brookpark
Brookport
Brooks
Brookshire
Brookston
Brooksville
Brookville
Brookwood
Broomall
Broomfield
Brooten
Broseley
Brothers
Broussard
Broward County
Browerville
Brown City
Brown County
Brownfield
Browning
Browns Mills
Browns Summit
Browns Valley
Brownsboro
Brownsburg
Brownsdale
Brownstown
Brownsville
Brownton
Brownville
Brownwood
Bruceton
Bruneau
Bruno
Brush Prairie
Bryan
Bryant
Bryant Pond
Bryantsville
Bryantville
Bryn Athyn
Bryn Mawr
Bryson City
Buchanan
Buckeye
Buckfield
Buckhannon
Buckhead
Buckland
Buckley
Bucklin
Buckner
Bucks
Bucksport
Bucyrus
Buda
Budd Lake
Buellton
Buena Park
Buena Vista
Buffalo
Buffalo Creek
Buffalo Grove
Buffalo Mills
Buford
Buhl
Buies Creek
Bullard
Bullhead City
Bulls Gap
Bulverde
Buna
Bunceton
Buncombe
Buncombe County
Bunker
Bunker Hill
Bunkerville
Bunkie
Bunnell
Buras
Burbank
Burden
Burdett
Bureau
Burgaw
Burgettstown
Burgin
Burkburnett
Burkesville
Burleson
Burley
Burlingame
Burlington
Burnet
Burney
Burnham
Burnips
Burns Flat
Burnside
Burnsville
Burnt Hills
Burnt Prairie
Burr Oak
Burrel
Burrton
Burton
Burtonsville
Burwell
Busby
Bushland
Bushnell
Buskirk
Bussey
Butlerville
Butner
Butte City
Butte Falls
Butterfield
Butternut
Buttonwillow
Buttzville
Buxton
Buzzards Bay
Byers
Byesville
Byfield
Byhalia
Byrdstown
Byrnedale
Byron
Cabazon
Cabin John
Cabool
Cabot
Caddo Mills
Cade
Cadiz
Cadott
Cainsville
Cairnbrook
Cal Nev Ari
Calabasas
Calabash
Caldwell
Caledonia
Calera
Calexico
Calhan
Calhoun
Calico Rock
Califon
California
Calimesa
Calipatria
Calistoga
Callahan
Callao
Callender
Callicoon
Calmar
Calpella
Calumet
Calvary
Calvert
Calverton
Calvin
Camak
Camanche
Camarillo
Camas
Cambria
Cambridge
Camden
Camdenton
Cameron
Camilla
Camillus
Camino
Camp Douglas
Camp Hill
Camp Lejeune
Camp Pendleton
Camp Point
Camp Sherman
Camp Verde
Campbell
Campobello
Campton
Camptonville
Canaan
Canadensis
Canajoharie
Canal Fulton
Canal Winchester
Canandaigua
Canby
Candia
Candler
Cando
Candor
Caney
Canfield
Canistota
Canmer
Cannelton
Cannon
Canoga Park
Canon City
Canonsburg
Canterbury
Canton
Cantonment
Cantril
Canutillo
Canyonville
Capac
Cape Canaveral
Cape Charles
Cape Coral
Cape Elizabeth
Cape Girardeau
Cape May
Cape May Court House
Cape Porpoise
Cape Vincent
Capistrano Beach
Capitol Heights
Capitola
Capron
Captain Cook
Caratunk
Carbonado
Carbondale
Cardington
Cardwell
Carefree
Carencro
Carey
Carl Junction
Carle Place
Carleton
Carlin
Carlinville
Carlisle
Carlsbad
Carlstadt
Carlton
Carlyle
Carmel
Carmi
Carmichael
Carnation
Carnegie
Carnesville
Carney
Carol Stream
Carolina
Carpentersville
Carpinteria
Carrboro
Carrier Mills
Carriere
Carrington
Carrizo Springs
Carrizozo
Carrollton
Carrolltown
Carson
Carter Lake
Carteret
Cartersville
Carterville
Carthage
Caruthers
Caruthersville
Carversville
Casa Grande
Cascade Locks
Casco
Caseville
Cashion
Cashton
Cass City
Cass Lake
Casselberry
Casselton
Cassopolis
Casstown
Cassville
Castaic
Castalia
Castana
Castine
Castle Dale
Castle Hayne
Castle Rock
Castleton
Castlewood
Castro Valley
Castroville
Catalina
Catasauqua
Cataumet
Catawba
Catawissa
Catharpin
Cathedral City
Cathlamet
Catlett
Catlin
Catonsville
Catoosa
Catskill
Cavalier
Cave City
Cave Creek
Cave Junction
Cave Spring
Cavendish
Cavour
Cawker City
Cayce
Cayucos
Cayuga
Cazadero
Cazenovia
Cecilton
Cedar Bluff
Cedar City
Cedar Creek
Cedar Crest
Cedar Falls
Cedar Glen
Cedar Grove
Cedar Hill
Cedar Island
Cedar Knolls
Cedar Lake
Cedar Park
Cedar Rapids
Cedar Springs
Cedar Vale
Cedarburg
Cedaredge
Cedarhurst
Cedartown
Cedarville
Celeste
Celestine
Celina
Center City
Center Conway
Center Harbor
Center Junction
Center Moriches
Center Ossipee
Center Ridge
Center Sandwich
Center Strafford
Center Valley
Centerbrook
Centerburg
Centereach
Centerport
Centerview
Centerville
Central Falls
Central Islip
Central Lake
Central Point
Central Valley
Centralia
Centre Hall
Centreville
Centuria
Ceredo
Ceres
Ceresco
Cerrillos
Cerritos
Cerro Gordo
Chadds Ford
Chadron
Chadwick
Chaffee
Chagrin Falls
Chalfont
Challis
Chalmers
Chalmette
Chama
Chamberlain
Chambers
Chambersburg
Chamois
Champaign
Champion
Champlain
Champlin
Chancellor
Chandler
Chanhassen
Channahon
Channelview
Chantilly
Chanute
Chapel Hill
Chapin
Chaplin
Chapman
Chapmansboro
Chapmanville
Chappaqua
Chappell
Chardon
Chariton
Charlemont
Charles City
Charles Town
Charleston
Charlestown
Charlevoix
Charlottesville
Charlton
Charter Oak
Chase City
Chaska
Chataignier
Chatfield
Chatham
Chatsworth
Chattahoochee
Chattanooga
Chaumont
Chautauqua
Chauvin
Chazy
Chebeague
Cheboygan
Checotah
Chehalis
Chelan
Chelmsford
Chelsea
Cheltenham
Chemult
Chemung
Cheney
Chenoa
Chepachet
Cheraw
Cherokee
Cherry Hill
Cherry Point
Cherry Valley
Cherryfield
Cherryvale
Cherryville
Chesaning
Chesapeake
Cheshire
Chesnee
Chester
Chesterfield
Chesterland
Chesterton
Chestertown
Chesterville
Chestnut Hill
Cheswick
Cheswold
Chetek
Chetopa
Chevy Chase
Chewelah
Cheyenne
Cheyenne Wells
Cheyney
Chicago
Chichester
Chickamauga
Chickasha
Chico
Chicopee
Chiefland
Childersburg
Childress
Chilhowee
Chillicothe
Chilmark
Chiloquin
Chilton
Chimacum
China Spring
Chincoteague Island
Chinese Camp
Chinle
Chino
Chino Hills
Chino Valley
Chinook
Chipley
Chippewa Falls
Chisago City
Chisholm
Chittenango
Chittenden
Chocowinity
Choctaw
Chokio
Choteau
Chouteau
Chowchilla
Chrisman
Christiana
Christiansburg
Christmas Valley
Christopher
Chualar
Chula
Church Hill
Church Rock
Churchville
Churdan
Churubusco
ChuVista
Cibolo
Cicero
Cimarron
Cincinnati
Circle Pines
Circleville
Cissna Park
Citrus County
City of Industry
Clackamas
Claflin
Clair County
Clair Shores
Clairsville
Clairton
Clancy
Clanton
Clara City
Clarcona
Claremont
Claremore
Clarence
Clarendon
Clarinda
Clarion
Clarissa
Clarita
Clarkdale
Clarkesville
Clarkfield
Clarks Summit
Clarksboro
Clarksburg
Clarksdale
Clarkson
Clarkston
Clarksville
Clarkton
Clatskanie
Claverack
Clawson
Clay City
Claymont
Claysburg
Claysville
Clayton
Clayville
Cle Elum
Clear Lake
Clearbrook
Clearfield
Clearlake
Clearmont
Clearview City
Clearwater
Cleburne
Clemens
Clemente
Clementon
Clements
Clemmons
Clemons
Clemson
Clermont
Cleveland
Cleves
Clewiston
Cliff Island
Clifford
Cliffside Park
Cliffwood
Clifton
Climax Springs
Clinton
Clintwood
Clive
Cloquet
Closter
Cloudcroft
Clover
Cloverdale
Cloverport
Clovis
Clute
Clyde
Clymer
Coachella
Coal City
Coal Creek
Coal Township
Coal Valley
Coalfield
Coalgate
Coalinga
Coalmont
Coalton
Coalville
Coatesville
Cobb
Cobden
Cobleskill
Cochise
Cochran
Cochrane
Cockeysville
Cocolamus
Coeur d Alene
Coffeeville
Coffeyville
Cohasset
Cohoes
Cokato
Colby
Colchester
Colcord
Cold Spring
Coldspring
Coldwater
Cole Camp
Colebrook
Coleman
Coleraine
Coleridge
Colesburg
Coleville
Colfax
Collbran
Collegedale
Collegeville
Colleyville
Colliers
Collierville
Collingswood
Collins
Colman
Colmar
Coloma
Colome
Colonia
Colony
Colora
Colorado City
Colorado Springs
Colquitt
Colrain
Colstrip
Colton
Colts Neck
Columbus
Colusa
Colville
Colwich
Comanche
Combined Locks
Comfort
Comfrey
Commack
Commerce Township
Commodore
Compton
Comstock
Conception
Concordia
Concordville
Conde
Condon
Conehatta
Conestoga
Conesville
Conetoe
Confluence
Congers
Conifer
Conklin
Conley
Conneaut
Connell
Connellsville
Conner
Connoquenessing
Conover
Conowingo
Conrad
Conroe
Conshohocken
Constantine
Contoocook
Converse
Conway
Conyers
Conyngham
Cookeville
Cooksville
Coolidge
Coon Rapids
Coon Valley
Cooper
Coos Bay
Cooter
Copake
Copan
Copiague
Coplay
Coppell
Copper Harbor
Copperas Cove
Copperhill
Copperopolis
Coquille
Coralville
Coram
Coraopolis
Corbett
Corbin
Corcoran
Cordele
Cordell
Corder
Cordova
Corfu
Corinna
Corinne
Corinth
Cornelia
Cornelius
Cornell
Cornersville
Cornettsville
Corning
Cornish
Cornwall
Corolla
Corona
Coronado
Corpus Christi
Corrales
Correctionville
Corry
Corryton
Corsicana
Cortaro
Corte Madera
Cortez
Cortland
Corunna
Corvallis
Corydon
Cos Cob
Cosby
Coshocton
Cosmopolis
Cossayuna
Costa Mesa
Cottage Grove
Cottageville
Cottondale
Cottontown
Cottonwood
Cottonwood Falls
Cotuit
Cotulla
Coudersport
Coulee City
Coulee Dam
Coulterville
Counce
Council Bluffs
Council Grove
Country Club Hills
Coupeville
Courtland
Coushatta
Cove City
Covelo
Coventry
Covina
Covington
Cowan
Cowarts
Cowden
Coweta
Cowiche
Cowley
Coxs Creek
Coxsackie
Cozad
Crab Orchard
Crabtree
Craftsbury
Craig
Craigmont
Craigsville
Craigville
Cramerton
Cranberry Isles
Cranberry Lake
Cranberry Township
Cranbury
Crandall
Crandon
Cranesville
Cranford
Cranks
Cranston
Craryville
Crawford
Crawfordsville
Crawfordville
Creal Springs
Cream Ridge
Creede
Creedmoor
Creighton
Creola
Cresbard
Crescent City
Crescenta
Cresco
Cresskill
Cressona
Crested Butte
Crestline
Creston
Crestview
Crestwood
Creswell
Creve Coeur
Crewe
Cripple Creek
Crisfield
Critz
Crivitz
Crocker
Crockett
Crofton
Croix Falls
Cromwell
Crookston
Crooksville
Cropseyville
Crosby
Crosbyton
Cross City
Cross Plains
Cross River
Crosse
Crossett
Crossville
Crosswicks
Croswell
Crothersville
Croton Falls
Croton on Hudson
Crow Agency
Crowder
Crowell
Crowley
Crown Point
Crownpoint
Crownsville
Crows Landing
Croydon
Crucible
Crum Lynne
Crump
Cruz
Crystal Bay
Crystal City
Crystal Falls
Crystal Lake
Cuba City
Cudahy
Cuero
Culbertson
Culdesac
Cullman
Culloden
Cullom
Cullowhee
Culpeper
Culver
Cumberland
Cumby
Cummaquid
Cumming
Cummington
Cunningham
Cupertino
Curlew
Curllsville
Currituck
Curtis Bay
Curtisville
Curwensville
Cushing
Cusick
Cusseta
Custer
Cut Bank
Cutchogue
Cuthbert
Cutler
Cuyahoga Falls
Cuyama
Cygne
Cylinder
Cynthiana
Cyril
Cyrus
d Hanis
Dacoma
Dacono
Dacula
Dade City
Dadeville
Daggett
Dagsboro
Dahlgren
Dahlonega
Dailey
Daingerfield
Dakota
Dale
Daleville
Dalhart
Dallas
Dallesport
Dalton
Daly City
Dalzell
Damariscotta
Damascus
Dammeron Valley
Damon
Dana Point
Danboro
Danbury
Danby
Dandridge
Danforth
Dania
Daniels
Dansville
Danube
Danvers
Danville
Darby
Dardanelle
Dare County
Darien
Darke County
Darlington
Darrington
Dartmouth
Darwin
Dassel
Dateland
Datil
Dauphin
Davenport
David City
Davidson
Davidsonville
Davidsville
Davisburg
Davison
Dawson
Days Creek
Dayton
Dayville
De Beque
De Forest
De Graff
De Kalb
De Leon
De Pere
De Queen
De Ruyter
De Smet
De Soto
De Witt
Deadwood
Deal Island
Deale
Dearborn
Dearing
Death Valley
Deatsville
Debary
Decatur
Decherd
Deckerville
Decorah
Dedham
Deep River
Deepwater
Deer Creek
Deer Island
Deer Isle
Deer Lodge
Deer Park
Deer River
Deer Trail
Deerfield
Deering
Defiance
Defuniak Springs
Dekalb
Del Mar
Del Norte
Del Rio
Del Valle
Delafield
Deland
Delano
Delaplane
Delavan
Delaware
Delbarton
Delcambre
Dell City
Dell Rapids
Delmar
Delmont
Delphi
Delphos
Delray Beach
Delta Junction
Delton
Deltona
Demarest
Deming
Demopolis
Demorest
Demotte
Denair
Dendron
Denham Springs
Denison
Denmark
Dennis
Dennison
Dennysville
Denton
Denver
Denville
Depew
Depoe Bay
Depue
Deridder
Dermott
Derry
Derwent
Derwood
Des Arc
Des Lacs
Des Moines
Des Plaines
Deshler
Desmet
Desoto
Destin
Destrehan
Detroit
Devault
Devils Lake
Devine
Devon
Dewar
Dewey
Dewitt
Dexter
Diamond Bar
Diamond Springs
Diamondhead
Diamondville
Diboll
Dickens
Dickey
Dickinson
Dickson
Dieterich
Dietrich
Dighton
Dike
Dillard
Diller
Dilley
Dillingham
Dillon
Dillsboro
Dillsburg
Dilworth
Dimas
Dimmitt
Dimock
Dimondale
Dinuba
Dinwiddie
Disputanta
District Heights
Dittmer
Divide
Dixfield
Dixie
Dixon
Dobbs Ferry
Dobson
Dodd City
Dodge City
Dodge County
Dodgeville
Dola
Doland
Dolgeville
Dollar Bay
Dolores
Dolton
Donaldson
Donalsonville
Dongola
Doniphan
Donnellson
Donora
Donovan
Doon
Doran
Dorchester
Dorr
Dorris
Dorset
Dos Palos
Dothan
Douglas
Douglassville
Douglasville
Dousman
Dove Creek
Dover
Dowagiac
Downers Grove
Downey
Downieville
Downingtown
Downsville
Dows
Doyle
Doylestown
Dracut
Draper
Dravosburg
Drayton
Drayton Plains
Dresden
Dresher
Dresser
Drexel
Driftwood
Driggs
Dripping Springs
Driscoll
Drum
Drummond
Drumright
Dryden
Du Bois
Du Quoin
Duanesburg
Duarte
Dublin
Dubois
Dubuque
Duchesne
Ducktown
Ducor
Dudley
Due West
Duffield
Dufur
Dugway
Duke
Dulce
Dulles
Duluth
Dumas
Dumfries
Dumont
Dunbar
Dunbarton
Duncan
Duncannon
Duncansville
Duncanville
Dundalk
Dundee
Dunedin
Dunellen
Dunkerton
Dunkirk
Dunlap
Dunnigan
Dunning
Dunnville
Dunseith
Dunsmuir
Dunstable
Dupo
Dupont
Dupree
Duquesne
Durand
Durango
Durant
Durham
Duryea
Dushore
Duson
Dutch Flat
Duvall
Duxbury
Dwight
Dyer
Dyersburg
Dyersville
Dyess
Dysart
Eagle Bend
Eagle Butte
Eagle Creek
Eagle Grove
Eagle Lake
Eagle Pass
Eagle Point
Eagle River
Eagle Rock
Eagle Springs
Eagleville
Eakly
Earl Park
Earlham
Earlimart
Earling
Earlsboro
Earlville
Early Branch
Earlysville
Earth City
Easley
Eastaboga
Eastchester
Eastford
Eastham
Easthampton
Eastlake
Eastland
Eastman
Easton
Eastover
Eastpoint
Eastpointe
Eastport
Eastsound
Eaton
Eau Claire
Ebensburg
Eckerty
Ecorse
Ector
Edcouch
Eddington
Eddyville
Edelstein
Eden Prairie
Eden Valley
Edenton
Edgar Springs
Edgartown
Edgecomb
Edgefield
Edgeley
Edgemont
Edgerton
Edgewater
Edgewood
Edina
Edinboro
Edison
Edisto Island
Edmeston
Edmond
Edmore
Edon
Edwards
Edwardsburg
Edwardsville
Effingham
Effington
Efland
Egan
Egg Harbor
Eglin
Egremont
Ehrenberg
Eielson
Eitzen
Ekalaka
El Cajon
El Campo
El Centro
El Cerrito
El Dorado
El Dorado Hills
El Dorado Springs
El Granada
El Mirage
El Monte
El Paso
El Reno
El Rito
El Segundo
El Sobrante
Elba
Elberfeld
Elbert
Elberta
Elberton
Elbing
Elbow Lake
Elbridge
Elburn
Elcho
Eldon
Eldora
Eldorado
Eldred
Eldridge
Eleele
Eleva
Elfers
Elgin
Elida
Eliot
Elizario
Elizaville
Elk City
Elk Grove
Elk Grove Village
Elk Mound
Elk Point
Elk Rapids
Elk River
Elkader
Elkhart
Elkhorn
Elkin
Elkland
Elko
Elkridge
Elkton
Elkwood
Ellamore
Ellaville
Ellendale
Ellensburg
Ellenton
Ellenville
Ellenwood
Ellerbe
Ellettsville
Ellicott City
Ellicottville
Ellijay
Ellington
Elliott
Ellis Grove
Ellisville
Ellsinore
Ellsworth
Ellwood City
Elm City
Elm Creek
Elm Grove
Elm Mott
Elm Springs
Elma
Elmendorf
Elmer
Elmhurst
Elmira
Elmont
Elmore
Elmsford
Elmwood
Elmwood Park
Elnora
Elon College
Eloy
Elroy
Elsah
Elsberry
Elsie
Elverson
Elverta
Elwood
Elyria
Elysburg
Elysian
Emerado
Emerald Isle
Emerson
Emery
Emeryville
Emigrant
Emigsville
Eminence
Emmaus
Emmetsburg
Emmett
Emmitsburg
Emory
Emporia
Emporium
Encinitas
Encino
Endeavor
Enderlin
Endicott
Endwell
Enfield
Engelhard
England
Englewood
Englishtown
Enigma
Enka
Ennice
Ennis
Enola
Enon
Enosburg Falls
Entiat
Enumclaw
Eolia
Ephraim
Ephrata
Epping
Epsom
Epworth
Equality
Erbacon
Erlanger
Errol
Erskine
Erving
Erwinna
Escalante
Escalon
Escanaba
Escondido
Esko
Eskridge
Espanola
Esparto
Essex
Essington
Estacada
Estancia
Estell Manor
Estelline
Estero
Estes Park
Estherville
Estill
Ethan
Etna
Etters
Euclid
Eudora
Eufaula
Eugene
Euless
Eunice
Eupora
Eureka
Eustis
Eutaw
Evangeline
Evansport
Evanston
Evansville
Evart
Evarts
Eveleth
Evensville
Everest
Everett
Evergreen
Everly
Everson
Everton
Ewa Beach
Ewing
Excelsior
Exeter
Exira
Exmore
Export
Exton
Fabens
Faber
Factoryville
Fair Grove
Fair Haven
Fair Lawn
Fair Oaks
Fair Play
Fairbank
Fairborn
Fairburn
Fairbury
Fairchild
Fairfax
Fairfield
Fairforest
Fairhaven
Fairhope
Fairland
Fairlee
Fairless Hills
Fairmont
Fairmount
Fairplay
Fairport
Fairview
Fairwater
Falcon
Falfurrias
Fall City
Fall Creek
Fall River
Fall River Mills
Fall Rock
Fallbrook
Falling Waters
Fallon
Falls Church
Falls City
Falls Mills
Falls Village
Fallsburg
Fallston
Falmouth
Fancy Farm
Fannin
Fanwood
Far Hills
Far Rockaway
Farber
Farge
Fargo
Faribault
Farina
Farley
Farmer City
Farmersburg
Farmersville
Farmerville
Farmingdale
Farmington
Farmingville
Farmland
Farmville
Farragut
Farrell
Farson
Farwell
Faucett
Faulkner
Faulkton
Fawn Grove
Fayette
Fayetteville
Fayville
Fe Springs
Fe Warren
Feasterville Trevose
Federal Way
Federalsburg
Feeding Hills
Felton
Fence Lake
Fennimore
Fennville
Fenton
Fenwick Island
Ferdinand
Fergus Falls
Ferguson
Fernandina Beach
Fernando
Ferndale
Fernley
Ferriday
Ferris
Ferrum
Ferrysburg
Fertile
Fessenden
Festus
Fiddletown
Fieldale
Fife Lake
Fifield
Filer
Fillmore
Fincastle
Findlay
Finksburg
Finlayson
Finley
Firebaugh
Firestone
Firth
Fish Creek
Fisher
Fishers
Fishersville
Fishertown
Fisherville
Fishkill
Fishtail
Fiskeville
Fitchburg
Fithian
Fitzgerald
Fitzwilliam
Five Points
Flagler Beach
Flagstaff
Flanagan
Flanders
Flandreau
Flasher
Flat Lick
Flat Rock
Flatonia
Flatwoods
Fleetwood
Fleming
Flemingsburg
Flemington
Fletcher
Flint
Flint Hill
Flippin
Floodwood
Flora Vista
Floral Park
Florence
Floresville
Florham Park
Florida
Florissant
Flossmoor
Flourtown
Flower Mound
Flowery Branch
Flowood
Floydada
Floyds Knobs
Flushing
Fogelsville
Folcroft
Foley
Folkston
Follett
Follette
Folly Beach
Folsom
Fombell
Fond du Lac
Fontana
Fontanelle
Foothill Ranch
Forbestown
Ford City
Fordland
Fordville
Fordyce
ForeCity
ForeGrove
ForeHill
ForeHills
ForeKnolls
ForeLake
ForePark
ForeRanch
Foresthill
Forestville
Forgan
Foristell
Fork Union
Forked River
Forman
Forney
ForreCity
Forrest
Forreston
Forsyth
Fort Myers
Fortuna
Fortville
Fosston
Foster
Fostoria
Fowler
Fowlerville
Fox Lake
Fox River Grove
Foxboro
Foxburg
Foyil
Frackville
Framingham
Francestown
Francesville
Francis
Francisco
Franconia
Franken
Frankenmuth
Frankfort
Franklin
Franklinton
Franklinville
Franksville
Frankton
Franktown
Fraser
Frazee
Frazier Park
Frederic
Fredonia
Freeborn
Freeburg
Freedom
Freehold
Freeland
Freelandville
Freeman
Freeport
Freetown
Fremont
French Gulch
French Lick
Frenchboro
Frenchburg
Frenchtown
Frenchville
Fresh Meadows
Fresno
Fresnos
Friant
Friday Harbor
Friedens
Friendship
Friendsville
Friendswood
Frisco
Fromberg
Front Royal
Frontenac
Frostburg
Fruita
Fruitdale
Fruitland
Fruitport
Fryeburg
Fulda
Fullerton
Fulton
Fultondale
Fultonville
Funkstown
Fuquay Varina
Gabbs
Gabriel
Gabriels
Gackle
Gadsden
Gaffney
Gaines
Gainesboro
Gainesville
Gaithersburg
Galatia
Galax
Galena
Gales Ferry
Galesburg
Galesville
Galeton
Galion
Gallatin
Gallaway
Galliano
Gallipolis
Galloway
Gallup
Galt
Galva
Galveston
Gambier
Gambrills
Ganado
Gans
Garber
Garberville
Garden City
Garden Grove
Garden Prairie
Garden Valley
Gardena
Gardendale
Gardiner
Gardner
Gardners
Gardnerville
Garfield
Garland
Garnavillo
Garner
Garnerville
Garnett
Garretson
Garrett
Garrison
Garwin
Garwood
Gary
Gas City
Gasburg
Gasconade
Gassaway
Gassville
Gaston
Gastonia
Gastonville
Gate City
Gates
Gates Mills
Gatesville
Gatewood
Gatlinburg
Gatos
Gauley Bridge
Gautier
Gaylord
Gaylordsville
Gays Mills
Gayville
Gazelle
Geddes
Geismar
Genesee
Geneseo
Geneva
Genoa
Gentry
Georges
Georgetown
Gerald
Gering
Gerlach
Germansville
Germantown
Geronimo
Gervais
Gettysburg
Getzville
Geyserville
Ghent
Gibbon
Gibbonsville
Gibbsboro
Gibbstown
GiBend
Gibson City
Gibsonburg
Gibsonia
Gibsonton
Gibsonville
Giddings
Gideon
Gig Harbor
Gilbertsville
Gilbertville
Gilboa
Gilcrest
Gilead
Gilford
Gillespie
Gillett
Gillham
Gilman
Gilman City
Gilmanton
Gilmer
Gilroy
Gilsum
Girard
Girdwood
Gladbrook
Glade Spring
Gladewater
Gladstone
Gladwin
Gladwyne
Glandorf
Glarus
Glasford
Glasgow
Glassboro
Glasser
Glassport
Glastonbury
Gleason
Glen Allen
Glen Arbor
Glen Arm
Glen Burnie
Glen Carbon
Glen Cove
Glen Echo
Glen Ellen
Glen Ellyn
Glen Gardner
Glen Haven
Glen Head
Glen Mills
Glen Oaks
Glen Riddle Lima
Glen Ridge
Glen Rock
Glen Rose
Glen Ullin
Glenbrook
Glenburn
Glencoe
Glendale
Glendive
Glendora
Gleneden Beach
Glenelg
Glenmont
Glenmoore
Glenn Dale
Glennallen
Glenns Ferry
Glennville
Glenolden
Glenpool
Glenrock
Glens Falls
Glenshaw
Glenside
Glenview
Glenville
Glenwood
Glidden
Gloucester
Gloversville
Glyndon
Gnadenhutten
Gobles
Goddard
Godfrey
Godwin
Goffstown
Golconda
Gold Bar
Gold Beach
Goldfield
Goldsboro
Goldston
Goldthwaite
Goleta
Goliad
Gonzales
Goochland
Good Thunder
Goodells
Goodfellow
Goodfield
Goodhue
Gooding
Goodland
Goodlettsville
Goodman
Goodrich
Goodridge
Goodville
Goodwater
Goodwell
Goodyear
Goose Creek
Goose Lake
Gordonsville
Goreville
Gorham
Gorin
Gorman
Goshen
Gothenburg
Gould
Gouldsboro
Gouverneur
Gove
Gowanda
Gowen City
Gower
Gowrie
Gracemont
Graceville
Gracey
Grady
Gradyville
Graettinger
Grafton
Graham
Grain Valley
Grambling
Granada
Granbury
Granby
Grand Bay
Grand Blanc
Grand Canyon
Grand Coteau
Grand Coulee
Grand Forks
Grand Haven
Grand Island
Grand Isle
Grand Junction
Grand Lake
Grand Lake Stream
Grand Ledge
Grand Marais
Grand Marsh
Grand Meadow
Grand Mound
Grand Portage
Grand Prairie
Grand Rapids
Grand Ridge
Grand Ronde
Grand Terrace
Grand Valley
Grand View
Grandview
Grandville
Grandy
Grange
Grange Park
Granger
Grangeville
Granite City
Granite Falls
Graniteville
Grant City
Grant Park
Grantham
Granton
Grants
Grants Pass
Grantsboro
Grantsburg
Grantsville
Grantville
Granville
Grapeland
Grapevine
Grasonville
Grass Lake
Grass Valley
Gratz
Gravette
Grawn
Gray Court
Grayling
Graymont
Grayslake
Grayson
Graysville
Great Barrington
Great Bend
Great Falls
Great Lakes
Great Meadows
Great Mills
Great Neck
Great River
Greeley
Green Bank
Green Bay
Green City
Green Cove Springs
Green Harbor
Green Lake
Green Ridge
Green River
Green Sea
Green Spring
Green Valley
Green Village
Greenacres
Greenback
Greenbank
Greenbelt
Greenbrae
Greenbrier
Greenbush
Greencastle
Greendale
Greene
Greeneville
Greenfield
Greenland
Greenlawn
Greenport
Greens Farms
Greensboro
Greensburg
Greentown
Greenup
Greenvale
Greenview
Greenville
Greenwich
Greenwood
Greer
Gregorio
Gregory
Grenora
Gresham
Gretna
Grey Eagle
Greybull
Gridley
Griffin
Griffith
Griggsville
Grimes
Grimstead
Grindstone
Grinnell
Grissom Arb
Griswold
Grizzly Flats
Groesbeck
Grosse Ile
Grosse Pointe
Grosvenordale
Groton
Grottoes
Grove City
Grove Hill
Groveland
Groveport
Grover
Groves
Groveton
Grovetown
Grundy
Gruver
Grygla
Gualala
Guerneville
Guernsey
Guffey
Guilderland
Guilford
Guinda
Guion
Gulf Breeze
Gulf Shores
Gulfport
Gunlock
Gunnison
Gunpowder
Gunter
Guntersville
Guntown
Gurnee
Gustavus
Gustine
Guthrie
Guttenberg
Guymon
Guyton
Gwinn
Gwynedd
Gwynn Oak
Gypsum
Habra
Hacienda Heights
Hackensack
Hackett
Haddam
Haddo
Hadley
Hagerman
Hagerstown
Hahira
Hahnville
Haiku
Hailey
Haines
Haledon
Haleiwa
Hales Corners
Halethorpe
Haleyville
Half Moon Bay
Half Way
Halfway
Halifax
Hallandale
Hallettsville
Halliday
Hallock
Hallowell
Hallsville
Halsey
Halstad
Haltom City
Hamburg
Hamden
Hamel
Hamer
Hamler
Hamlin
Hammon
Hampden
Hampshire
Hampstead
Hampton
Hamptonville
Hamshire
Hamtramck
Hana
Hanalei
Hanceville
Hancock
Hanford
Hankinson
Hanna City
Hannibal
Hanover
Hanoverton
Hanscom
Hansen
Hanska
Hanson
Happy Camp
Harbinger
Harbor Beach
Harbor City
Harbor Springs
Hardeeville
Hardin
Hardinsburg
Hardwick
Hardy
Harker
Harlan
Harlem
Harleysville
Harlingen
Harlowton
Harmon
Harmony
Harper
Harpers Ferry
Harpswell
Harrah
Harrells
Harriman
Harrington
Harrisburg
Harrison
Harrisonburg
Harrisonville
Harrisville
Harrodsburg
Harrogate
Harsens Island
Hartford
Hartford City
Hartington
Hartland
Hartley
Hartline
Hartly
Hartman
Hartsdale
Hartselle
Hartshorne
Hartsville
Hartville
Hartwell
Hartwick
Hartwood
Harvard
Harvey
Harwich
Harwinton
Harwood
Hasbrouck
Haskell
Haslet
Haslett
Hastings
Hatboro
Hatch
Hatchechubbee
Hatfield
Hatteras
Hattiesburg
Hattieville
Hatton
Haughton
Hauppauge
Havana
Havasu
Havelock
Haven
Haverford
Haverhill
Haverstraw
Havertown
Haviland
Havre
Haw River
Hawarden
Hawesville
Hawk Point
Hawkins
Hawley
Haworth
Hawthorne
Haxtun
Hay Springs
Hayden
Hayes
Hayesville
Hayfield
Hayfork
Haymarket
Hayneville
Haysville
Hayti
Hayward
Hazard
Hazel Crest
Hazel Green
Hazel Park
Hazelton
Hazelwood
Hazen
Hazlehurst
Hazlet
Headland
Healdsburg
Healdton
Healy
Hearne
Heart Butte
Heath Springs
Heathsville
Heavener
Hebbronville
Heber
Hebron
Hecla
Hedgesville
Heflin
Hegins
Heidelberg
Heiskell
Heislerville
Helena Island
Helendale
Helens
Helenville
Helenwood
Helix
Hellertown
Helmetta
Helotes
Hemet
Hemingford
Hemlock
Hemphill
Hempstead
Henderson
Hennepin County
Hennessey
Henniker
Henning
Henrietta
Henryetta
Henryville
Hephzibah
Heppner
Herald
Herculaneum
Hereford
Herington
Herkimer
Herlong
Herman
Hermann
Herminie
Hermiston
Hermitage
Hermon
Hermosa
Hernando
Herndon
Hero
Heron Lake
Herreid
Herrick
Herrin
Herscher
Hershey
Hertford
Hesperia
Hesston
Hettinger
Hewitt
Hewlett
Heyworth
Hialeah
Hiawassee
Hiawatha
Hibbing
Hickam
Hickman
Hickory Corners
Hickory Hills
Hicksville
Hico
Hidalgo
Higbee
Higden
Higganum
Higginsville
High Bridge
High Falls
High Point
High Ridge
High Springs
Highgate
Highland
Highmore
Hightstown
Highwood
Higley
Hilbert
Hildale
Hildebran
Hill City
Hillburn
Hilliard
Hillsboro
Hillsborough
Hillsdale
Hillside
Hillsville
Hilmar
Hilo
Hinckley
Hindman
Hines
Hinesburg
Hinesville
Hingham
Hinsdale
Hinton
Hiram
Hitchcock
Hixson
Ho Ho Kus
Hobart
Hobbs
Hobe Sound
Hoboken
Hockessin
Hockley
Hodgenville
Hodges
Hoffman
Hogansburg
Hohenwald
Holbrook
Holcomb
Holcombe
Holden
Holdenville
Holderness
Holdingford
Holdrege
Holgate
Holicong
Holladay
Holland
Hollandale
Hollansburg
Holley
Holliday
Hollidaysburg
Hollis
Hollister
Holliston
Holloman
Hollowville
Hollsopple
Holly Hill
Holly Ridge
Holly Springs
Hollywood
Holmdel
Holmen
Holmes
Holstein
Holton
Holts Summit
Holtsville
Holtville
Holyoke
Holyrood
Homedale
Homer City
Homerville
Homestead
Hometown
Homewood
Hominy
Homosassa
Honaker
Hondo
Honea Path
Honeoye
Honeoye Falls
Honesdale
Honey Grove
Honeydew
Honokaa
Hood Parkdale
Hood River
Hoodsport
Hooks
Hooksett
Hookstown
Hoolehua
Hoonah
Hoopa
Hooper
Hoopeston
Hoople
Hoosick
Hoosick Falls
Hop Bottom
Hopatcong
Hope Hull
Hope Mills
Hope Valley
Hopedale
Hopewell
Hopewell Junction
Hopkins
Hopkins Park
Hopkinsville
Hopkinton
Hoquiam
Horeb
Horicon
Horn Lake
Hornbeak
Hornbrook
Hornell
Hornersville
Hornick
Horse Branch
Horse Shoe
Horseheads
Horseshoe Bend
Horsham
Horton
Hortonville
Hoschton
Hoskinston
Hosmer
Hospers
Hot Springs
Hot Sulphur Springs
Hotchkiss
Hotevilla
Houghton
Houlka
Houlton
Houma
Housatonic
House Springs
Houston
Houtzdale
Hoven
Howard Beach
Howard City
Howard County
Howard Lake
Howell
Howells
Howes
Howland
Hoxie
Hoyleton
Hoyt Lakes
Huachuca
Hubbard
Hubbardston
Hubertus
Huddleston
Hudson
Hudson Falls
Hudsonville
Huffman
Huger
Hughes Springs
Hughesville
Hughson
Hugoton
Hulbert
Huletts Landing
Hull
Humansville
Humble
Humboldt
Hume
Humeston
Hummelstown
Humphrey
Hungry Horse
Hunker
Hunt Valley
Hunterdon
Huntersville
Huntingburg
Huntingdon
Huntington
Huntingtown
Huntland
Huntley
Huntsville
Hurdland
Hurlburt Field
Hurley
Hurlock
Huron
Hurricane
Hurst
Hustisford
Hutchins
Hutchinson
Hutsonville
Hutto
Huxford
Huxley
Hyannis
Hyannis Port
Hyattsville
Hyde Park
Hyden
Hydesville
Hygiene
Hymera
Hyrum
Hysham
Iaeger
Iberia
Ida Grove
Idabel
Idaho City
Idaho Falls
Idaho Springs
Ider
Idledale
Idyllwild
Ignacio
Ijamsville
Ilion
Illiopolis
Ilwaco
Imbler
Imboden
Imlay City
Immokalee
Imperial
Imperial Beach
Ina
Inchelium
Incline Village
Indiahoma
Indialantic
Indian Head
Indian Hills
Indian Lake
Indian Orchard
Indian River
Indian Rocks Beach
Indian Springs
Indian Trail
Indian Wells
Indiana
Indianapolis
Indianola
Indiantown
Indio
Inez
Ingleside
Inglewood
Ingram
Inigoes
Inkster
Inman
Inola
Interlaken
Interlochen
International Falls
Inver Grove Heights
Inverness
Inwood
Iola
Ione
Ionia
Iota
Iowa City
Iowa Falls
Iowa Park
Ipswich
Irmo
Iron Ridge
Iron River
Irondale
Ironton
Ironwood
Iroquois
Irvine
Irving
Irvington
Irwin
Irwinton
Isanti
Iselin
Ishpeming
Islamorada
Island Falls
Island Heights
Island Lake
Island Park
Island Pond
Islandia
Isle Au Haut
Isle of Palms
Isle of Wight
Islesboro
Islesford
Isleton
Islip
Issaquah
Itasca
Ithaca
Itmann
Itta Bena
Iuka
Ivel
Ivins
Ivoryton
Jacinto
Jackhorn
Jackman
Jackpot
Jacksboro
Jackson
Jacksonville
Jacumba
Jaffrey
Jamaica Plain
James City
Jameson
Jamesport
Jamestown
Jamesville
Jamison
Jamul
Janesville
Jara
Jarratt
Jarrettsville
Jasonville
Jasper
Jayton
Jeannette
Jeddo
Jeffers
Jefferson
Jellico
Jemez Springs
Jenison
Jenkins
Jenkinsburg
Jenkinsville
Jenkintown
Jenks
Jenner
Jennings
Jensen Beach
Jericho
Jermyn
Jerome
Jeromesville
Jersey City
Jersey Shore
Jerseyville
Jessieville
Jessup
Jesup
Jetersville
Jetmore
Jewell
Jewett City
Jim Thorpe
Joanna
Joaquin
Joes
Johannesburg
John Day
Johns Island
Johnsbury
Johnson
Johnston
Johnstown
Joiner
Joliet
Jolla
Jones Mills
Jonesboro
Jonesborough
Jonesport
Jonestown
Jonesville
Joplin
Joppa
Jordan
Joseph City
Joshua Tree
Jourdanton
Joya
Joyce
Juan Bautista
Juan Capistrano
Juda
Judson
Julesburg
Julian
Juliet
Junction City
June Lake
Juneau
Juniata County
Junta
Jupiter
Justice
Justin
Kadoka
Kahlotus
Kahoka
Kahului
Kailua
Kailua Kona
Kalaheo
Kalama
Kalamazoo
Kalida
Kalispell
Kalkaska
Kalona
Kamas
Kamiah
Kamrar
Kamuela
Kanab
Kanawha
Kandiyohi
Kaneohe
Kaneville
Kankakee
Kannapolis
Kanopolis
Kansas
Kapaa
Kapaau
Kaplan
Kapolei
Karlstad
Karnack
Karnes City
Karns City
Kasota
Kasson
Katonah
Kattskill Bay
Kaufman
Kaukauna
Kaunakakai
Kauneonga Lake
Kaw City
Kawkawlin
Kayenta
Kaysville
Keaau
Kealakekua
Keams Canyon
Keansburg
Kearney
Kearny
Kearsarge
Keasbey
Keavy
Keego Harbor
Keene
Keene Valley
Keenesburg
Keeseville
Keewatin
Keiser
Keithville
Keizer
Kekaha
Keller
Kelliher
Kellogg
Kellyton
Kellyville
Kelseyville
Kelso
Kemah
Kemblesville
Kemmerer
Kemp
Kenai
Kenansville
Kenbridge
Kendall Park
Kendallville
Kendleton
Kendrick
Kenduskeag
Kenedy
Kenilworth
Kenmare
Kenmore
Kennebec
Kennebunk
Kennedale
Kenner
Kennesaw
Kennett
Kennewick
Keno
Kenosha
Kenova
Kensal
Kensett
Kensington
Kent City
Kent County
Kentfield
Kentland
Kenton
Kents Hill
Kenvil
Kenwood
Kenyon
Keokuk
Keosauqua
Keota
Kerens
Kerkhoven
Kerman
Kermit
Kernersville
Kernville
Kerrville
Kersey
Kershaw
Keshena
Keswick
Ketchikan
Ketchum
Kettle Falls
Kettle River
Keuka Park
Kew Gardens
Kewanee
Kewanna
Kewaskum
Kewaunee
Key Biscayne
Key Largo
Key West
Keymar
Keyport
Keyser
Keystone
Keytesville
Kidron
Kiel
Kiester
Kihei
Kila
Kilauea
Kilgore
Kill Devil Hills
Killbuck
Killdeer
Killeen
Killen
Killingly
Killington
Killingworth
Killona
Kilmarnock
Kiln
Kimball
Kimberling City
Kimberton
Kinde
Kinder
Kinderhook
Kindred
King City
King George
King of Prussia
King William
Kingdom City
Kingfield
Kingfisher
Kingman
Kings Bay
Kings Beach
Kings Mills
Kings Mountain
Kings Park
Kingsburg
Kingsford
Kingsland
Kingsley
Kingsport
Kingston
Kingstown
Kingstree
Kingsville
Kingwood
Kinsale
Kinsley
Kinsman
Kinston
Kinta
Kintnersville
Kinzers
Kiowa
Kirbyville
Kirkland
Kirksville
Kirkwood
Kirtland
Kisco
Kissimmee
Kittanning
Kittery
Kittery Point
Kittitas
Kittredge
Kittrell
Kitty Hawk
Klamath
Klawock
Klingerstown
Kneeland
Knife River
Knightdale
Knights Landing
Knightsen
Knightstown
Knightsville
Knippa
Knob Noster
Knotts Island
Knox
Knox City
Knox County
Knoxville
Kodak
Kodiak
Kohler
Kokomo
Koloa
Konawa
Kootenai
Kosciusko
Koshkonong
Kotzebue
Kouts
Kremlin
Kremmling
Kresgeville
Krum
Kula
Kulm
Kulpsville
Kuna
Kure Beach
Kutztown
Kykotsmovi
Kyle
Kyles Ford
Labelle
Labolt
Lac du Flambeau
Lacey
Laceys Spring
Laclede
Lacon
Lacona
Laconia
Lacrosse
Laddonia
Ladera Ranch
Ladoga
Ladonia
Ladson
Lady Lake
Ladysmith
Lafayette
Lafayette Hill
Lafox
Lagrange
Lagrangeville
Laguna
Laguna Beach
Laguna Hills
Laguna Niguel
Lahaina
Laie
Laingsburg
Lairdsville
Lake Andes
Lake Ariel
Lake Arrowhead
Lake Benton
Lake Bluff
Lake Butler
Lake Charles
Lake City
Lake Crystal
Lake Dallas
Lake Elmo
Lake Elsinore
Lake Forest
Lake Geneva
Lake George
Lake Grove
Lake Helen
Lake Hiawatha
Lake Hopatcong
Lake Hughes
Lake in the Hills
Lake Isabella
Lake Jackson
Lake Junaluska
Lake Katrine
Lake Lillian
Lake Linden
Lake Lure
Lake Mary
Lake Mills
Lake Odessa
Lake Orion
Lake Oswego
Lake Ozark
Lake Park
Lake Peekskill
Lake Placid
Lake Preston
Lake Providence
Lake Saint Louis
Lake Station
Lake Stevens
Lake Tahoe
Lake View
Lake Villa
Lake Village
Lake Wales
Lake Worth
Lake Zurich
Lakefield
Lakehurst
Lakeland
Lakemont
Lakeport
Lakeside
Lakeside Marblehead
Lakeview
Lakeville
Lakewood
Lakin
Lakota
Lamar
Lamberton
Lambertville
Lame Deer
Lamesa
Lamoni
Lamont
Lamoure
Lampasas
Lampeter
Lanai City
Lancaster
Land o Lakes
Landenberg
Lander
Landing
Landisville
Landrum
Lane County
Lanesboro
Lanesville
Lanett
Langdon
Langford
Langhorne
Langley
Langlois
Langston
Lanham
Lannon
Lanoka Harbor
Lansdale
Lansdowne
Lanse
Lansford
Lansing
Laona
Laotto
Lapeer
Lapel
Laporte
Lapwai
Laquey
Laramie
Larchmont
Laredo
Largo
Larimore
Larkspur
Larned
Larose
Las Animas
Las Cruces
Las Vegas
Lasara
Latham
Lathrop
Latimer
Laton
Latonia
Latrobe
Latta
Lattimore
Lauderdale
Laughlin
Laurel Hill
Laurelville
Laurens
Laurie
Laurinburg
Lavaca
Lavallette
Laveen
Laverne
Lavonia
Lawndale
Lawnside
Lawrence
Lawrenceburg
Lawrenceville
Lawson
Lawton
Layton
Laytonville
Le Grand
Le Mars
Le Roy
Le Sueur
Lead
Lead Hill
Leadville
Leadwood
Leaf River
League City
Leakesville
Leakey
Leander
Leandro
Leasburg
Leavenworth
Leavittsburg
Leawood
Lebec
Lecanto
Leckie
Lecompton
Ledgewood
Ledyard
Lee Vining
Leechburg
Leeds
Lees Creek
Lees Summit
Leesburg
Leesport
Leesville
Leeton
Leetonia
Leetsdale
Leflore
Leggett
Lehi
Lehigh
Lehigh Acres
Lehigh Valley
Lehighton
Lehman
Lehr
Leicester
Leitchfield
Leiters Ford
Leland
Lemmon
Lemon Cove
Lemon Grove
Lemont
Lemont Furnace
Lemoore
Lemoyne
Lempster
Lena
Lenexa
Lenni
Lennox
Lenoir
Lenoir City
Lenora
Lenox
Leola
Leominster
Leon
Leon County
Leonard
Leonard Wood
Leonardtown
Leonia
Leonidas
Leopold
Leoti
Lepanto
Leroy
Leslie
Lester Prairie
Lesterville
Letcher
Letts
Levant
Levelland
Leverett
Levittown
Lewes
Lewis
Lewis Run
Lewisberry
Lewisburg
Lewisport
Lewiston
Lewistown
Lewisville
Lexington
Lexington Park
Libby
Liberty Corner
Liberty Lake
Libertyville
Libory
Lidgerwood
Lightfoot
Lignite
Lignum
Ligonier
Lihue
Lilburn
Lillian
Lillie
Lillington
Lima
Lime Springs
Limerick
Limestone
Limington
Limon
Lincoln City
Lincoln Park
Lincoln University
Lincolndale
Lincolnshire
Lincolnton
Lincolnville
Lincolnwood
Lincroft
Lind
Lindale
Linden
Lindenhurst
Lindon
Lindsay
Lindsborg
Lindside
Lindstrom
Line Lexington
Lineville
Linn Creek
Linneus
Linthicum Heights
Linton
Linwood
Lionville
Lipan
Lipscomb
Lisbon
Lisbon Falls
Lisle
Litchfield
Litchville
Lithia Springs
Lithonia
Lithopolis
Lititz
Little Chute
Little Compton
Little Creek
Little Elm
Little Falls
Little Ferry
Little Neck
Little River
Little Rock
Little Silver
Little Valley
Little York
Littlefield
Littlefork
Littlerock
Littlestown
Littleton
Live Oak
Livermore
Livermore Falls
Liverpool
Livingston
Livonia
Lizella
Lizton
Llano
Lloyd
Loachapoka
Loch Sheldrake
LoCity
Lock Haven
Lockbourne
Lockeford
Lockesburg
Lockhart
Lockport
Lockwood
LoCreek
LocuFork
LocuGrove
LocuValley
Lodge Grass
Lodgepole
Lodi
Logansport
Loganville
LoHills
Lolo
Loma Linda
Lombard
Lometa
Lomira
Lomita
Lompoc
LoNation
London
London Mills
Londonderry
Lone Jack
Lone Oak
Lone Pine
Lone Star
Lone Tree
Lone Wolf
Lonedell
Long Beach
Long Branch
Long Grove
Long Island
Long Lake
Long Pine
Long Prairie
Long Valley
Longboat Key
Longmeadow
Longmont
Longport
Longview
Longville
Longwood
Lonoke
Lonsdale
Loogootee
Lookeba
Lookout
Loomis
Lopez Island
Lorain
Loramie
Lordsburg
Lorenzo
Loretto
Loris
Lorton
Losantville
LoSprings
Lothrop
Lott
Loudon
Loudonville
Louis
Louisa
Louisburg
Louise
Louisiana
Louisville
Loup City
Louviers
Lovelaceville
Lovelady
Loveland
Lovell
Lovelock
Lovely
Loves Park
Lovettsville
Lovilia
Lovingston
Lovington
Low Moor
Lowell
Lowellville
Lower Lake
Lowland
Lowville
Loxahatchee
Loxley
Loyal
Loyalton
Loysburg
Loysville
Lu Verne
Lubbock
Lubec
Lucama
Lucas
Lucasville
Lucedale
Lucerne
Lucerne Valley
Ludington
Ludlow
Ludowici
Lufkin
Lugoff
Luis Obispo
Luis Rey
Lula
Luling
Lumberton
Lummi Island
Luna Pier
Lunas
Lund
Lunenburg
Lupton
Luray
Lusby
Lusk
Lutcher
Luthersville
Lutherville Timonium
Lutz
Luverne
Luxora
Lyford
Lykens
Lyle
Lyles
Lyman
Lyme
Lynbrook
Lynch
Lynchburg
Lynd
Lyndeborough
Lyndell
Lynden
Lyndhurst
Lyndon
Lyndonville
Lynn Haven
Lynne
Lynnfield
Lynnville
Lynnwood
Lynwood
Lyon
Lyons
Lyoth
Lytle
Mabank
Mabel
Mabelvale
Maben
Mableton
Mabscott
Mabton
Macclenny
Macedon
Macedonia
Machesney Park
Machias
Machiasport
Machipongo
Mackay
Mackinac Island
Mackinaw
Mackinaw City
Macks Creek
Macomb
Macon
Macungie
Mad River
Madawaska
Maddock
Madelia
Madera
Madill
Madison
Madisonville
Madras
Magalia
Magdalena
Magee
Maggie Valley
Magna
Magnolia
Mahaffey
Mahanoy City
Mahnomen
Mahomet
Mahopac
Mahwah
Maine
Mainesburg
Maineville
Mainland
Maitland
Maize
Makawao
Makoti
Malabar
Malad City
Malaga
Malakoff
Malcolm
Malcom
Malden
Malden Bridge
Malibu
Malinta
Mallard
Malmstrom
Malone
Malta
Malvern
Malverne
Mamaroneck
Mammoth
Manahawkin
Manakin Sabot
Manasquan
Manassas
Manawa
Mancelona
Manchaca
Manchaug
Manchester
Mancos
Mandan
Mandaree
Mandeville
Mangum
Manhasset
Manhattan
Manhattan Beach
Manheim
Manila
Manilla
Manistee
Manistique
Manito
Manitou Springs
Manitowish Waters
Manitowoc
Mankato
Manlius
Manly
Mannford
Manning
Manns Harbor
Manomet
Manor
Manorville
Manquin
Mansfield
Manson
Manteca
Manteno
Manteo
Manti
Manton
Mantorville
Mantua
Manuel
Manvel
Manville
Many
Many Farms
Maple City
Maple Falls
Maple Heights
Maple Hill
Maple Lake
Maple Park
Maple Plain
Maple Shade
Maple Valley
Mapleton
Mapleville
Maplewood
Maquoketa
Mar Lin
Marana
Marble
Marble Falls
Marble Hill
Marblehead
Marceline
Marcellus
Marco Island
Marcola
Marcos
Marcus
Marengo
Marfa
Margaretville
Margarita
Margate City
Marianna
Maricopa
Marienville
Maries
Marietta
Marine City
Marinette
Maringouin
Marino
Marion
Marionville
Mariposa
Marked Tree
Markesan
Markle
Markleeville
Markleysburg
Marksville
Marlboro
Marlborough
Marlette
Marlin
Marlinton
Marlow
Marlton
Marmaduke
Marmora
Marne
Maroa
Marquand
Marque
Marquette
Marquez
Marrero
Marriottsville
Mars
Mars Hill
Marseilles
Marshall
Marshall County
Marshalltown
Marshfield
Marshville
Marsing
Marstons Mills
Mart
Martelle
Martensdale
Marthasville
Martin
Martinez
Martins Ferry
Martinsburg
Martinsville
Martinville
Marty
Mary Esther
Mary of the Woods
Maryland Heights
Marylhurst
Marys City
Marysville
Maryville
Mascot
Mascoutah
Mashpee
Mason
Mason City
Masontown
Maspeth
Massapequa
Massapequa Park
Massena
Massillon
Mastic
Mastic Beach
Matador
Matagorda
Matamoras
Matawan
Mateo
Mather
Mathews
Mathis
Mathiston
Matinicus
Mattapan
Mattapoisett
Mattawa
Mattawamkeag
Mattawan
Matteson
Matthews
Mattituck
Mattoon
Mauckport
Maui County
Mauldin
Maumee
Maumelle
Maunaloa
Mauriceville
Maury
Mauston
Maximo
Maxton
Maxwell
Maybee
Maybrook
Mayer
Mayesville
Mayetta
Mayfield
Maynard
Maynardville
Mayo
Mayodan
Maypearl
Mays Landing
Maysville
Mayville
Maywood
Mazeppa
Mazomanie
Mc Afee
Mc Arthur
Mc Bain
Mc Callsburg
Mc Camey
Mc Clelland
Mc Clellanville
Mc Coll
Mc Comb
Mc Condy
Mc Connellsburg
Mc Connellsville
Mc Connelsville
Mc Cook
Mc Cordsville
Mc Cormick
Mc Crory
Mc David
Mc Dermitt
Mc Dermott
Mc Donald
Mc Ewen
Mc Farland
Mc Gaheysville
Mc Gehee
Mc Grath
Mc Gregor
Mc Guffey
Mc Henry
Mc Intosh
Mc Kean
Mc Kee
Mc Kees Rocks
Mc Keesport
Mc Kenzie
Mc Kinney
Mc Kittrick
Mc Laughlin
Mc Lean
Mc Leansboro
Mc Leansville
Mc Louth
Mc Minnville
Mc Nabb
Mc Neil
Mc Rae
Mc Sherrystown
Mc Veytown
Mcalester
Mcallen
Mccain
Mccall
Mccammon
Mccleary
Mcclellan
Mcclusky
Mccomb
Mcconnell
Mccutcheon Field
Mcdaniel
Mcdonough
Mcgregor
Mchenry
Mcintosh
Mckenna
Mckenzie
Mckinleyville
Mclean
Mcloud
Mcminnville
Mcpherson
Mcville
Meade
Meadow
Meadow Lands
Meadow Vista
Meadowlands
Meadows
Meadowview
Meadville
Meansville
Mebane
Mecca
Mechanic Falls
Mechanicsburg
Mechanicsville
Mechanicville
Mecklenburg
Medfield
Medford
Media
Mediapolis
Medical Lake
Medicine Lake
Medicine Lodge
Medina
Medinah
Medora
Medway
Meeker
Meeteetse
Meinrad
Melba
Melbourne
Melcher
Melfa
Melissa
Mellen
Mellenville
Mellette
Melrose
Melrose Park
Melstone
Melville
Melvin
Melvindale
Memphis
Menahga
Menard
Menasha
Mendenhall
Mendham
Mendocino
Mendon
Mendota
Menifee
Menlo
Menlo Park
Menno
Menoken
Menominee
Menomonee Falls
Menomonie
Mentone
Mentor
Mequon
Merced
Mercedes
Mercer
Mercer Island
Mercersburg
Merchantville
Meredith
Meredosia
Meriden
Meridian
Merino
Merion Station
Merit
Merkel
Merlin
Merna
Merrick
Merrifield
Merrill
Merrillan
Merrillville
Merrimac
Merrimack
Merritt Island
Merton
Mertzon
Mertztown
Mesa
Mescalero
Meshoppen
Mesick
MesilPark
Mesquite
Metairie
Metamora
Methuen
Metlakatla
Metro
Metropolis
Metter
Metuchen
Mexia
Mexico Beach
Meyersdale
Mi Wuk Village
Miami
Miamisburg
Miamitown
Miamiville
Miccosukee
Michaels
Michigan
Mickleton
Middle Granville
Middle Island
Middle River
Middle Village
Middleboro
Middlebourne
Middleburg
Middleburgh
Middlebury
Middlefield
Middleport
Middlesboro
Middlesex
Middleton
Middletown
Middletown Springs
Middleville
Midland
Midland Park
Midlothian
Midvale
Midway
Midway City
Mifflin
Mikado
Milaca
Milam
Milano
Milanville
Milbank
Milbridge
Miles City
Milesburg
Milfay
Milford
Mililani
Mill City
Mill Hall
Mill Neck
Mill Spring
Mill Valley
Millbrae
Millbrook
Millburn
Millbury
Milldale
Milledgeville
Millen
Miller Place
Millersburg
Millersport
Millersville
Millerton
Millheim
Millington
Millinocket
Millis
Millport
Millry
Millsboro
Milltown
Millville
Millwood
Milmay
Milnor
Milo
Milpitas
Milroy
Milton
Milwaukee
Minburn
Minden
Minden City
Mine Hill
Mineola
Mineral City
Mineral Point
Mineral Ridge
Mineral Wells
Minerva
Minford
Minidoka
Minisink Hills
Minneapolis
Minneola
Minneota
Minnesota
Minnetonka
Minnewaukan
Minocqua
Minong
Minonk
Minooka
Minor Hill
Minot
Minster
Minto
Minturn
Mira Loma
Mirada
Miramonte
Miranda
Misenheimer
Mishawaka
Mishicot
Mission Hills
Mission Viejo
Mississippi State
Missoula
Missouri City
Missouri Valley
Mitchell
Mitchellville
Moab
Moberly
Mobile
Mobridge
Moccasin
Mocksville
Model City
Modena
Modesto
Moffat
Mohall
Mohave
Mohegan Lake
Mohnton
Mojave
Mokane
Mokelumne Hill
Mokena
Molalla
Moline
Molino
Molinos
Momence
Monaca
Monahans
Moncks Corner
Mondamin
Mondovi
Monee
Monessen
Monett
Monhegan
Monica
Monkton
Monmouth
Monon
Monona
Monongahela
Monroe
Monroe City
Monroe Township
Monroeton
Monroeville
Monrovia
Monsey
Monson
Mont Alto
Mont Belvieu
Mont Vernon
Montague
Montara
Montauk
Montcalm County
Montclair
Monte
Monte Rio
Monte Vista
Montebello
Montello
Monterey
Montesano
Montevallo
Montevideo
Montezuma
Montgomery
Montgomery City
Montgomery Village
Montgomeryville
Monticello
Montoursville
Montpelier
Montrose
Montross
Montvale
Montverde
Montville
Monument
Moodus
Moody
Moodys
Moonachie
Moore
Moorhead
Moorpark
Moose Lake
Mooseheart
Moosic
Moosup
Mora
Moraga
Moran
Moravia
Morehead
Morenci
Moreno Valley
Moretown
Morgan
Morgan City
Morgan Hill
Morganfield
Morganton
Morgantown
Morganville
Moriarty
Moriches
Morley
Morning Sun
Morocco
Morrice
Morrill
Morrilton
Morris
Morro Bay
Morrow
Morse
Morton
Mosca
Moses Lake
Mosier
Mosinee
Mosquero
Moss Beach
Moss Landing
Moss Point
Mossville
Mossyrock
Motley
Mott
Moulton
Moultrie
Mound City
Mound Valley
Moundridge
Moundsville
Mountain City
Mountain Grove
Mountain Home
Mountain Iron
Mountain Lake
Mountain Lakes
Mountain Top
Mountain View
Mountain Village
Mountainair
Mountainburg
Mountainhome
Mountainside
Mountainville
Mountlake Terrace
Mountville
Mousie
Moville
Moweaqua
Mower County
Moxee
Moyock
Muenster
Mukilteo
Mukwonago
Mulberry
Muleshoe
Mullan
Mullen
Mullica Hill
Mullins
Mulvane
Mumford
Muncie
Muncy
Mundelein
Munford
Munfordville
Munich
Munising
Munroe Falls
Munster
Murdo
Murdock
Murfreesboro
Murphysboro
Murray
Murrells Inlet
Murrieta
Murrysville
Murtaugh
Muscatine
Muscle Shoals
Muscoda
Muskego
Muskegon
Muskogee
Mustang
Myakka City
Myer
Myerstown
Myersville
Myrtle Beach
Myrtle Creek
Myrtle Point
Mystic
Naalehu
Naches
Naco
Nacogdoches
Nags Head
Nahant
Nahunta
Nampa
Nanjemoy
Nanticoke
Nantucket
Nanty Glo
Nanuet
Naoma
Napavine
Naperville
Naples
Napoleon
Napoleonville
Nappanee
Narberth
Narragansett
Narrows
Narrowsburg
Naselle
Nashotah
Nashua
Nashville
Nashwauk
Nassau
Nassawadox
Natalia
Natchez
Natchitoches
Natick
National City
National Park
Natoma
Natrona Heights
Natural Bridge
Naugatuck
Nauvoo
Navarre
Navarro
Navasota
Navesink
Naylor
Nazareth
Neals
Nebo
Nebraska City
Necedah
Neche
Nederland
Needham
Needham Heights
Needville
Neelyville
Neenah
Negaunee
Negreet
Neillsville
Nekoosa
Neligh
Nellis
Nellysford
Nelson
Nelsonville
Neodesha
Neola
Neosho
Nephi
Neponset
Neptune Beach
Nerinx
Nesconset
Neshanic Station
Nespelem
Nesquehoning
Ness City
Netcong
Nevada
Nevis
Newark
Newaygo
Newberg
Newbern
Newberry
Newburg
Newburgh
Newbury
Newburyport
Newcastle
Newcomerstown
Newell
Newfane
Newfield
Newfolden
Newfoundland
Newhall
Newington
Newkirk
Newland
Newman
Newmarket
Newnan
Newport
Newton
Newtown
Newville
Nezperce
Niagara
Niangua
Niantic
Nicasio
Niceville
Nicholasville
Nicholls
Nichols
Nicholson
Nicholville
Nicolaus
Nicollet
Nikiski
Niles
Nine Mile Falls
Nipomo
Niverville
Niwot
Nixa
Nixon
Nobleboro
Noblesville
Nogales
Nokesville
Nokomis
Nolan
Nome
Nooksack
Noonan
Nora Springs
Norborne
Norco
Norcross
Norden
Norfolk
Norfork
Norman
Norridgewock
Norris
Norristown
Northampton
Northborough
Northbridge
Northbrook
Northern Cambria
Northfield
Northford
NorthHarbor
Northome
Northon
Northport
Northridge
Northumberland
Northvale
Northville
Northwood
Norton
Norwalk
Norway
Norwell
Norwich
Norwood
Notasulga
Nottawa
Nottingham
Nottoway
Notus
Nova
Novato
Novelty
Novi
Novinger
Nowata
Nucla
Nuevo
Nunda
Nunica
Nunn
Nutley
Nyack
Nyssa
o Fallon
Oak Bluffs
Oak Brook
Oak Creek
Oak Harbor
Oak Hill
Oak Island
Oak Lawn
Oak Park
Oak Ridge
Oak View
Oakdale
Oakes
Oakesdale
Oakfield
Oakham
Oakhurst
Oakland
Oaklyn
Oakman
Oakmont
Oakridge
Oakton
Oaktown
Oakville
Oakwood
Oberlin
Oblong
Ocala
Occidental
Occoquan
Ocean Beach
Ocean City
Ocean Grove
Ocean Isle Beach
Ocean Park
Ocean Shores
Ocean Springs
Ocean View
Oceana
Oceano
Oceanport
Oceanside
Ocheyedan
Ochlocknee
Ocilla
Ocoee
Oconee
Oconomowoc
Oconto
Oconto Falls
Ocracoke
Odebolt
Odell
Odem
Odenton
Odessa
Odin
Oelrichs
Oelwein
Offutt
Ogallala
Ogden
Ogdensburg
Ogilvie
Oglesby
Oglethorpe
Ogunquit
Ohiowa
Oil City
Oilton
Oilville
Ojai
Ojo Caliente
Okabena
Okahumpka
Okanogan
Okarche
Okauchee
Okawville
Okeechobee
Okeene
Okemah
Okemos
Oklahoma City
Oklee
Okmulgee
Okoboji
Okolona
Okreek
Olalla
Olamon
Olancha
Olathe
Old Bethpage
Old Chatham
Old Fields
Old Greenwich
Old Hickory
Old Lyme
Old Orchard Beach
Old Saybrook
Old Washington
Old Westbury
Oldfort
Oldham
Oldsmar
Oldtown
Oldwick
Olean
Oley
Olin
Olive Branch
Olive Hill
Oliver Springs
Olivet
Olivia
Olivos
Olmsted
Olney
Olympia
Olympic Valley
Olyphant
Omaha
Omak
Omega
Omro
Onalaska
Onamia
Onawa
Onaway
Oneida
Oneill
Oneonta
Onida
Onondaga
Onondaga County
Onslow County
Onsted
Ontonagon
Oologah
Ooltewah
Oostburg
Opa Locka
Opelika
Opelousas
Opheim
Oquawka
Orab
Oradell
Orange Beach
Orange City
Orange Grove
Orange Park
Orangeburg
Orangefield
Orangevale
Orangeville
Orbisonia
Orchard Park
Orefield
Oregon
Oregon City
Oreland
Orem
Orestes
Orford
Orfordville
Orient
Oriental
Orinda
Oriska
Oriskany
Orland
Orlando
Orleans
Orlinda
Ormond Beach
Oro Grande
Orofino
Orondo
Orono
Orosi
Oroville
Orrick
Orrington
Orrs Island
Orrstown
Orrtanna
Orrville
Orting
Ortonville
Orwell
Orwigsburg
Osage
Osakis
Osawatomie
Osborn
Osburn
Osceola
OsceoMills
Oscoda
Osgood
Oshkosh
Oskaloosa
Osmond
Osnabrock
Osos
Osprey
Osseo
Ossian
Ossining
Ossipee
Osterville
Ostrander
Oswego
Osyka
Othello
Otis
Otisville
Otsego
Ottawa
Otter Creek
Otterbein
Ottertail
Otterville
Ottumwa
Ouray
Ovando
Overbrook
Overland Park
Overton
Ovid
Oviedo
Owasso
Owatonna
Owego
Owendale
Owensboro
Owensville
Owenton
Owings
Owingsville
Owls Head
Owosso
Oxford
Oxnard
Oxon Hill
Oyster Bay
Ozark
Ozona
Ozone Park
Pacific Grove
Pacific Palisades
Pacifica
Packwaukee
Packwood
Pacoima
Padre Island
Paducah
Paeonian Springs
Pageland
Pagosa Springs
Pahala
PaHeights
PaHills
Pahoa
Pahokee
Pahrump
Paia
Paicines
Painesville
Paint Rock
Painted Post
Paintsville
Paisley
Pala
Palacios
Palatine
Palatka
Palco
Palermo
Palestine
Palisades
Palisades Park
Palm Bay
Palm Beach
Palm City
Palm Coast
Palm Desert
Palm Harbor
Palm Springs
Palma
Palmdale
Palmer
Palmer Lake
Palmerton
Palmetto
Palmyra
Palo Alto
Palo Cedro
Palo Pinto
Palo Verde
Palomar Mountain
Palouse
Paltz
Pampa
Pamplico
Panama City
Panguitch
Panhandle
Panola
Panora
Panorama City
Pantego
Paonia
PaPark
Papillion
Paradise Valley
Paragould
Paramount
Paramus
Pardeeville
Paris
Parish
Parishville
Park City
Park Falls
Park Forest
Park Hill
Park Hills
Park Rapids
Park Ridge
Park River
Parker
Parker City
Parker County
Parker Dam
Parkers Prairie
Parkersburg
Parkesburg
Parkston
Parkton
Parkville
Parlier
Parlin
Parma
Parmelee
Parowan
Parshall
Parsippany
Parsons
Parsonsfield
Partridge
Pasadena
Pascagoula
Pasco
Pascoag
Paskenta
Paso Robles
Pasquotank County
Pass Christian
Passaic
Pataskala
Patch Grove
Patchogue
Paterson
Patoka
Patten
Patterson
Patton
Pattonsburg
Patuxent River
Paul Island
Paul Park
Paul Smiths
Paulding
Pauline
Paullina
Pauls Valley
Paulsboro
PaVerdes Peninsula
Pavilion
Pavillion
Paw Paw
Pawcatuck
Pawhuska
Pawlet
Pawleys Island
Pawling
Pawnee
Pawtucket
Paxinos
Paxton
Payette
Payne
Paynesville
Payson
Pe Ell
Pea Ridge
Peabody
Peace Dale
Peace Valley
Peach Bottom
Peach Glen
Peachtree City
Peaks Island
Peapack
Pearblossom
Pearcy
Pearisburg
Pearl City
Pearl River
Pearland
Pearlington
Pearsall
Pearson
Pebble Beach
Pecatonica
Peck
Peckville
Peconic
Pecos
Peculiar
Pedricktown
Pedro
Peekskill
Peetz
Pekin
Pelham
Pelican Rapids
Pelion
Pelkie
Pell City
Pella
Pellston
Pemaquid
Pemberton
Pemberville
Pembina
Pembine
Pembroke
Pen Argyl
Penasco
Pender
Pendergrass
Pendleton
Penfield
Peninsula
Penn Run
Penn Valley
Penn Yan
Penngrove
Pennington
Penns Grove
Penns Park
Pennsauken
Pennsburg
Pennsville
Penobscot
Penrose
Penryn
Pensacola
Pentwater
Penwell
Peoria
Peosta
Peotone
Pepin
Pepperell
Pequannock
Pequot Lakes
Peralta
Perdue Hill
Perham
Perkasie
Perkins
Perkinston
Perris
Perry
Perry Hall
Perryman
Perryopolis
Perrysburg
Perrysville
Perryton
Perryville
Pershing
Perth Amboy
Pescadero
Peshtigo
Petaluma
Peterborough
Petersburg
Petersham
Peterstown
Petoskey
Petrolia
Pettisville
Pewamo
Pewaukee
Pewee Valley
Peyton
Pfafftown
Pflugerville
Pharr
Phelan
Phelps
Phenix City
Philadelphia
Philippi
Philipsburg
Phillipsburg
Phillipsville
Philmont
Philo
Philomath
Phippsburg
Phoenicia
Phoenixville
Picatinny Arsenal
Picayune
Picher
Pickens
Pickerington
Pickford
Pickwick Dam
Pico Rivera
Piedmont
Pierce City
Pierceton
Piercy
Piermont
Pierpont
Pierson
Pierz
Pigeon Forge
Piggott
Pike Road
Pikesville
Piketon
Pikeville
Pillager
Pilot Grove
Pilot Mountain
Pilot Point
Pilot Rock
Pima
Pinckney
Pinckneyville
Pinconning
Pine Bluff
Pine Brook
Pine Bush
Pine City
Pine Creek
Pine Grove
Pine Hall
Pine Hill
Pine Island
Pine Lake
Pine Mountain
Pine Plains
Pine Ridge
Pine River
Pine Valley
Pine Village
Pinecliffe
Pinecrest
Pinedale
Pinehill
Pinehurst
Pineland
Pinellas Park
Pinetop
Pinetown
Pineville
Piney Flats
Pingree
Pinole
Pinson
Pioche
Pioneer
Pipe Creek
Piper City
Pipersville
Pipestone
Piqua
Piscataway
Pisgah Forest
Pismo Beach
Pitkin
Pitman
Pitsburg
Pittsboro
Pittsburg
Pittsburgh
Pittsfield
Pittsford
Pittston
Pittstown
Pittsville
Pixley
Placentia
Placerville
Placida
Placitas
Plain City
Plain Dealing
Plainfield
Plainsboro
Plainview
Plainville
Plainwell
Plaistow
Planada
Plankinton
Plano
Plant City
Plantsville
Plaquemine
Plata
Plato
Platte City
Plattenville
Platteville
Plattsburg
Plattsburgh
Plattsmouth
Playa Del Rey
Plaza
Pleasant Garden
Pleasant Grove
Pleasant Hill
Pleasant Hope
Pleasant Plain
Pleasant Plains
Pleasant Prairie
Pleasant Ridge
Pleasant Valley
Pleasanton
Pleasantville
Pleasureville
Plentywood
Plover
Pluckemin
Plum City
Plumerville
Plummer
Plumsteadville
Plymouth
Plymouth Meeting
Pocahontas
Pocasset
Pocatello
Pocola
Pocomoke City
Pocono
Pocopson
PoFalls
Point Arena
Point Comfort
Point Harbor
Point Lookout
Point Mugu Nawc
Point Pleasant
Point Reyes Station
Point Roberts
Pointe aux Pins
Polk City
Polk County
Polkton
Pollock
Polson
Pomeroy
Pomfret
Pomona
Pomona Park
Pompano Beach
Pompton Lakes
Pompton Plains
Ponca
Pond Creek
Poneto
Ponte Vedra Beach
Pontiac
Pontotoc
Pooler
Poolesville
Poplar Bluff
Poplar Branch
Poplar Grove
Poplarville
Poquoson
Porcupine
Port Allegany
Port Allen
Port Angeles
Port Aransas
Port Arthur
Port Byron
Port Charlotte
Port Chester
Port Clinton
Port Costa
Port Deposit
Port Gibson
Port Hadlock
Port Henry
Port Hope
Port Hueneme
Port Huron
Port Jefferson
Port Jervis
Port Lavaca
Port Lions
Port Ludlow
Port Murray
Port Neches
Port Norris
Port Orange
Port Orchard
Port Orford
Port Reading
Port Republic
Port Richey
Port Royal
Port Saint Joe
Port Saint Lucie
Port Sanilac
Port Townsend
Port Washington
Port Wing
Portage
Portageville
Portales
Porte
Porte City
Porter
Portersville
Porterville
Porthill
Portland
Portola
PortoValley
Portsmouth
Porum
Posen
Poseyville
Poston
Postville
Poteau
Poteet
Poth
Potlatch
Potomac
Potosi
Potsdam
Potter County
Pottersdale
Pottersville
Potterville
Pottsboro
Pottstown
Pottsville
Poughkeepsie
Poulsbo
Poultney
Pound Ridge
Poway
Powder Springs
Powell
Powers Lake
Powhatan
Powhatan Point
Pownal
Poy Sippi
Poynette
Prairie City
Prairie du Chien
Prairie du Rocher
Prairie du Sac
Prairie Farm
Prairie Grove
Prairie Home
Prairie View
Prairieville
Prattsburgh
Prattville
Premont
Prentiss
Prescott
Presho
Presidio
Presque Isle
Preston
Pretty Prairie
Prides Crossing
PrieRiver
Primghar
Prince Frederick
Prince George
Prince William County
Princess Anne
Princeton
Princeville
Prineville
Prinsburg
Prior Lake
Proctorville
Progreso
Prophetstown
Prospect Heights
Prospect Park
Prosser
Protection
Provincetown
Provo
Prue
Pryor
Puente
Pukalani
Pulaski
Pullman
Punta Gorda
Punxsutawney
Purcell
Purcellville
Purdin
Purdy
Purlear
Purvis
Put in Bay
Putnam
Putney
Puunene
Puxico
Puyallup
Quaker Hill
Quakertown
Quanah
Quantico
Quapaw
Quarryville
Quartzsite
Quechee
Queen City
Queen Creek
Queens Village
Queensbury
Quemado
Quentin
Quilcene
Quincy
Quinebaug
Quinlan
Quinnesec
Quinta
Quinter
Quinton
Quitman
Quogue
Rabun Gap
Raccoon
Raceland
Racine
Radcliff
Radford
Radium Springs
Raeford
Ragland
Rahway
Railroad
Rainbow City
Rainbow Lake
Rainelle
Rainier
Rains
Rainsville
Raisin
Raleigh
Ralston
Ramah
Ramer
Ramona
Ramseur
Ramsey
Ranchester
Rancho Cordova
Rancho Cucamonga
Rancho Fe
Rancho Margarita
Rancho Mirage
Rancho PaVerdes
Rancocas
Randallstown
Randle
Randleman
Randolph
Random Lake
Randsburg
Rangeley
Rangely
Rankin
Ransomville
Ranson
Rantoul
Rapelje
Rapid City
Rapid River
Raritan
Rathdrum
Raton
Rattan
Ravenel
Ravenna
Ravenswood
Ravenwood
Rawlins
Rawson
Ray Brook
Raymer
Raymond
Raymondville
Raymore
Rayne
Raynham
Rayville
Readfield
Reading
Readington
Readlyn
Reagan
Rebuck
Rector
Red Bank
Red Bay
Red Bluff
Red Boiling Springs
Red Bud
Red Cloud
Red Creek
Red Feather Lakes
Red Hill
Red Hook
Red House
Red Lake Falls
Red Lion
Red Lodge
Red Oak
Red River
Red Rock
Red Springs
Red Wing
Redan
Reddick
Redding
Redfield
Redford
Redgranite
Redlake
Redlands
Redmond
Redondo
Redwood City
Redwood Estates
Redwood Falls
Redwood Valley
Reed City
Reed Point
Reedley
Reeds Spring
Reedsburg
Reedsport
Reedsville
Reese
Refugio
Rego Park
Rehoboth
Rehoboth Beach
Reidsville
Reinbeck
Reinholds
Reisterstown
Reliance
Remer
Remington
Remsen
Remus
Renick
Renner
Reno
Rensselaer
Rensselaerville
Renton
Rentz
Renville
Represa
Republican City
Reseda
Reserve
Reston
Retsof
Revere
Revillo
Rexburg
Rexford
Reynolds
Reynoldsburg
Reynoldsville
Rhame
Rheems
Rhinebeck
Rhinecliff
Rhineland
Rhinelander
Rhoadesville
Rialto
Rib Lake
Rice Lake
Riceboro
Riceville
Rich Creek
Rich Hill
Richardson
Richardton
Richboro
Richburg
Richfield
Richfield Springs
Richford
Richgrove
Richland
Richland Hills
Richlands
Richton
Richvale
Richwood
Richwoods
Ridge Farm
Ridgecrest
Ridgefield
Ridgeland
Ridgely
Ridgeville
Ridgeway
Ridgewood
Ridgway
Ridley Park
Riegel
Rienzi
Rifton
Rigby
Riley
Rimersburg
Rincon
Rindge
Ringgold
Ringoes
Ringsted
Ringwood
Rio Dell
Rio Grande
Rio Grande City
Rio Hondo
Rio Linda
Rio Oso
Rio Rancho
Rio Rico
Rio Verde
Rio Vista
Ripley
Ripon
Ririe
Risco
Rising Sun
Risingsun
Rison
Rittman
Ritzville
River Edge
River Falls
River Forest
River Grove
River Rouge
Riverbank
Riverdale
Riverhead
Riverside
Riverton
Riverview
Riviera
Roachdale
Roanoke
Roanoke Rapids
Roaring Spring
Robbins
Robbinston
Robbinsville
Robersonville
Robert Lee
Roberta
Robertsdale
Robesonia
Robinson
Robstown
Roby
Rochelle
Rocheport
Rochester
Rociada
Rock Creek
Rock Falls
Rock Hill
Rock Island
Rock Point
Rock Port
Rock Rapids
Rock River
Rock Spring
Rock Springs
Rock Valley
Rockaway
Rockbridge
Rockdale
Rockfall
Rockford
Rockhill Furnace
Rockingham
Rocklake
Rockland
Rockledge
Rocklin
Rockmart
Rockport
Rocksprings
Rockton
Rockvale
Rockville
Rockwall
Rockwell
Rockwood
Rocky Ford
Rocky Hill
Rocky Mount
Rocky Point
Rocky River
Roduco
Roebling
Roebuck
Rogers
Rogersville
Roggen
Rogue River
Rohnert Park
Roland
Rolette
Rolla
Rolling Fork
Rolling Meadows
Rollingstone
Rollinsford
Romeoville
Romney
Romulus
Ronan
Ronceverte
Ronkonkoma
Roodhouse
Roopville
Roosevelt
Rootstown
Rosalia
Rosamond
Roscoe
Roscommon
Rose City
Rose Hill
Roseau
Roseboro
Rosebud
Roseburg
Rosebush
Rosedale
Roseglen
Roseland
Roselle
Rosemead
Rosemount
Rosenberg
Rosendale
Rosenhayn
Roseville
Rosharon
Rosholt
Rosiclare
Roslindale
Roslyn
Rosman
Rossford
Rosston
Rossville
Roswell
Rothsay
Rothschild
Rotterdam
Round Hill
Round Lake
Round Mountain
Round Rock
Round Top
Roundup
Rouses Point
Rowe
Rowland
Rowlett
Rowley
Roxboro
Roxbury
Royal City
Royal Oak
Royalton
Royersford
Royse City
Rubicon
Rucker
Rudd
Rudyard
Ruffin
Rufus
Ruidoso
Rumford
Rumley
Rumney
Rumson
Runge
Runnells
Runnemede
Rupert
Rural Hall
Rush City
Rush Valley
Rushford
Rushville
Rusk
Russell
Russellton
Russellville
Russiaville
Rustburg
Ruston
Rutherford
Rutherfordton
Ruthton
Ruthven
Rutland
Rutledge
Rye Beach
Ryegate
Saba
Sabattus
Sabetha
Sabina
Sabinal
Sabinsville
Sabula
Sac City
Sacaton
Sachse
Sackets Harbor
Saco
Sacramento
Sacred Heart
Saddle Brook
Saddle River
Sadler
Saegertown
Safety Harbor
Safford
Sag Harbor
Sagamore
Saginaw
Sagle
Sagola
Saguache
Sahuarita
Saint Louis
Saint Paul
Sainte Genevieve
Salado
Salamanca
Sale Creek
Salem
Salford
Salida
Salina
Salinas
Saline
Salineville
Salisbury
Salix
Salkum
Salle
Sallisaw
Salmon
Salome
Salsbury Cove
Salt Lake City
Salt Point
Saltville
Saluda
Salvisa
Salyersville
Sammamish
Sanborn
Sanbornville
Sand Coulee
Sand Creek
Sand Lake
Sand Springs
Sandborn
Sanderson
Sandersville
Sandia
Sandisfield
Sandoval
Sandpoint
Sandston
Sandusky
Sandwich
Sandy Creek
Sandy Hook
Sandy Point
Sandy Spring
Sanford
Sanger
Sangerville
Sanibel
Santaquin
Santee
Sapulpa
Sarahsville
Saraland
Saranac
Sarasota
Saratoga
Sarcoxie
Sardinia
Sardis
Sartell
Sarver
Sassamansville
Satellite Beach
Satsop
Saugatuck
Saugerties
Saugus
Sauk Centre
Sauk City
Sauk Rapids
Saukville
Sault Sainte Marie
Saunderstown
Sauquoit
Sausalito
Sautee Nacoochee
Savanna
Savoy
Sawyer
Saxonburg
Saxton
Saxtons River
Sayre
Sayreville
Sayville
Scales Mound
Scammon
Scappoose
Scarsdale
Schaller
Schaumburg
Schell City
Schenectady
Schererville
Schertz
Schiller Park
Schleswig
Schnecksville
Schofield
Schoharie
Schoolcraft
Schroeder
Schulenburg
Schulter
Schurz
Schuyler
Schuylkill Haven
Schwenksville
Science Hill
Sciota
Scipio
Scituate
Scobey
Scooba
Scotch Plains
Scotland Neck
Scotrun
Scott City
Scott Depot
Scottdale
Scotts Valley
Scottsbluff
Scottsboro
Scottsburg
Scottsdale
Scottsville
Scottville
Scranton
Screven
Scurry
Sea Cliff
Sea Girt
Sea Isle City
Seabrook
Seaford
Seagoville
Seagraves
Seahurst
Seal Beach
Seal Harbor
Seal Rock
Sealy
Searcy
Sears
Searsmont
Searsport
Seaside
Seattle
Sebago
Sebastopol
Sebec
Sebeka
Sebewaing
Sebring
Secaucus
Sedalia
Sedan
Sedgwick
Sedona
Sedro Woolley
Seekonk
Seffner
Seguin
Sekiu
Selah
Selby
Selbyville
Selden
Selfridge
Seligman
Selinsgrove
Selkirk
Sellersburg
Sellersville
Sells
Selmer
Seminole
Semmes
Senath
Senatobia
Seneca
Senecaville
Senoia
Sentinel
Sequim
Sergeant Bluff
Sesser
Setauket
Seven Mile
Seven Valleys
Severn
Severna Park
Sevierville
Sewanee
Seward
Sewaren
Sewell
Sewickley
Seymour
Shabbona
Shady Grove
Shady Side
Shady Spring
Shadyside
Shafter
Shakopee
Shalimar
Shallotte
Shamokin
Shamrock
Shandon
Shanksville
Shannon
Shapleigh
Sharon
Sharon Hill
Sharon Springs
Sharpsville
Shasta
Shattuck
Shavertown
Shaw Island
Shawano
Shawnee
Shawneetown
Shawsville
Sheboygan
Sheboygan Falls
Sheep Ranch
Sheffield
Shelbina
Shelburne
Shelby
Shelbyville
Sheldon
Shell Knob
Shell Lake
Shell Rock
Shelley
Shellman
Shellsburg
Shelter Island
Shelton
Shenandoah
Shenorock
Shepherdstown
Shepherdsville
Sheppard
Sherborn
Sherburn
Sheridan
Sherman
Sherrard
Sherwood
Sheyenne
Shickshinny
Shidler
Shiner
Shingle Springs
Shinglehouse
Shinnston
Shiocton
Shipman
Shippensburg
Shippenville
Shiprock
Shipshewana
Shirley Mills
Shiro
Shoals
Shokan
Shoreham
Short Hills
Shoshone
Shoshoni
Shreveport
Shrewsbury
Shrub Oak
Shullsburg
Shushan
Siasconset
Sibley
Sicily Island
Sicklerville
Sidell
Sidman
Sierra Blanca
Sierra Madre
Sierra Vista
Sierraville
Signal Mountain
Sigourney
Sikeston
Siler City
Silex
Sill
Siloam Springs
Silsbee
Silt
Silver Bay
Silver City
Silver Creek
Silver Grove
Silver Lake
Silver Plume
Silver Spring
Silver Springs
Silverado
Silverdale
Silverlake
Silverthorne
Silverton
Simeon
Simi Valley
Simla
Simons Island
Simpson
Simpsonville
Simsbury
Sinai
Sinclair
Sinsinawa
Sinton
Sioux City
Sioux Falls
Sioux Rapids
Siren
Sisseton
Sisters
Sitka
Six Lakes
Skagway
Skandia
Skaneateles
Skaneateles Falls
Skiatook
Skillman
Skippack
Skokie
Skowhegan
Skull Valley
Skyland
Slater
Slatersville
Slatington
Slaton
Slaughter
Slayton
Sleepy Eye
Slickville
Slidell
Sligo
Slinger
Slippery Rock
Sloan
Sloatsburg
Slocum
Sloughhouse
Slovan
Smackover
Smartville
Smelterville
Smethport
Smithfield
Smithland
Smiths Creek
Smithsburg
Smithton
Smithtown
Smithville
Smoketown
Smoot
Smyrna
Sneads Ferry
Snelling
Snellville
Snohomish
Snook
Snoqualmie
Snow Hill
Snowmass
Snyder
Social Circle
Socorro
Soda Springs
Soddy Daisy
Sodus
Sodus Point
Solana Beach
Soldier Pond
Soldotna
Soledad
Solen
Solomon
Solon
Solon Springs
Solvang
Somerdale
Somers
Somerset
Somersworth
Somerton
Somerville
Somis
Somonauk
Sonoma
Sonora
Soperton
Sophia
Soquel
Sorrento
Soso
Souderton
Sound Beach
Sour Lake
Southampton
Southaven
Southborough
Southbridge
Southbury
Southeastern
Southern Pines
Southfield
Southgate
SouthHarbor
Southington
Southlake
Southold
Southport
Southwick
Southworth
Spalding
Spanaway
Spangle
Spangler
Spanish Fork
Spanish Fort
Sparkill
Sparks Glencoe
Sparland
Sparrows Point
Sparta
Spartanburg
Spartansburg
Spearfish
Spearman
Spearville
Spencerport
Spencertown
Spencerville
Sperry
Sperryville
Spiceland
Spicer
Spicewood
Spickard
Spillville
Spindale
Spirit Lake
Spiro
Splendora
Spofford
Spokane
Spooner
Spotswood
Spotsylvania
Sprague
Sprakers
Spray
Spreckels
Spring Arbor
Spring Branch
Spring Church
Spring City
Spring Green
Spring Grove
Spring Hill
Spring Hope
Spring House
Spring Lake
Spring Mills
Spring Park
Spring Valley
Springboro
Springdale
Springer
Springerville
Springfield
Springhill
Springport
Springs
Springtown
Springvale
Springview
Springville
Springwater
Spur
Spurgeon
Spurger
Squaw Valley
Staatsburg
Stafford
Stahlstown
Staley
Stambaugh
Stamford
Stamping Ground
Stamps
Stanardsville
Stanberry
Standish
Stanfield
Stanford
Stanfordville
Stanhope
Stanley
Stanton
Stanwood
Staples
Stapleton
Star City
Starbuck
Starke
Starkville
Starkweather
Stateline
Staten Island
Statenville
Statesboro
Statesville
Statham
Staunton
Stayton
Steamboat Springs
Stearns
Steeles Tavern
Steeleville
Steelville
Steger
Steilacoom
Stennis Space
Stephen
Stephens City
Stephenson
Stephenville
Steptoe
Sterling City
Sterling Forest
Sterling Heights
Stet
Stetson
Steuben
Steubenville
Stevens Point
Stevenson Ranch
Stevensville
Stevinson
Stewart
Stewartstown
Stewartsville
Stewartville
Stickney
Stidham
Stigler
Stillman Valley
Stillwater
Stilwell
Stinnett
Stinson Beach
Stirling
Stockbridge
Stockdale
Stockholm
Stockton
Stockton Springs
Stockville
Stockwell
Stoddard
Stone Harbor
Stone Mountain
Stone Park
Stone Ridge
Stoneboro
Stonefort
Stoneham
Stoneville
Stonewall
Stonington
Stony Brook
Stony Point
Stony Ridge
Stony Run
Stonyford
Storm Lake
Storrs Mansfield
Story City
Stottville
Stoughton
Stoutland
Stover
Stow
Stowe
Strafford
Straitsville
Strang
Strasburg
Stratford
Stratham
Strathmore
Strattanville
Stratton
Straughn
Strawberry Point
Strawn
Streamwood
Streator
Streetman
Streetsboro
Stringtown
Strong City
Stronghurst
Strongsville
Stroud
Stroudsburg
Strum
Struthers
Stuart
Stuarts Draft
Studio City
Studley
Sturbridge
Sturgeon
Sturgeon Bay
Sturgeon Lake
Sturgis
Sturtevant
Stuttgart
Stuyvesant
Stuyvesant Falls
Subiaco
Sublette
Succasunna
Sudbury
Sudlersville
Suffern
Suffield
Suffolk
Sugar City
Sugar Grove
Sugar Land
Sugarcreek
Sugarloaf Shores
Suisun City
Suitland
Sulligent
Sullivan
Sully
Sulphur Rock
Sulphur Springs
Sultan
Sumas
Sumiton
Summerdale
Summerfield
Summerland Key
Summersville
Summerton
Summertown
Summerville
Summit Argo
Summit County
Summit Hill
Summit Station
Summitville
Sumner
Sumter
Sun City
Sun Prairie
Sun Valley
Sunapee
Sunbright
Sunbury
Suncook
Sundance
Sunderland
Sunland
Sunman
Sunnyside
Sunnyvale
Sunol
Sunrise Beach
Sunset Beach
Sunshine
Supply
Surgoinsville
Suring
Surprise
Susanville
Susquehanna
Sussex
Sutherland
Sutherlin
Sutter
Sutton
Suttons Bay
Suwanee
Swainsboro
Swampscott
Swan River
Swannanoa
Swanquarter
Swans Island
Swansboro
Swansea
Swanton
Swanville
Swanzey
Swarthmore
Swartz Creek
Swea City
Swedeborg
Sweden
Swedesboro
Sweet Briar
Sweet Home
Sweet Springs
Sweetser
Sweetwater
Swepsonville
Swifton
Swiftwater
Swisher
Switz City
Sycamore
Sykeston
Sykesville
Sylacauga
Sylmar
Sylva
Sylvan Grove
Sylvania
Sylvester
Syosset
Syracuse
Table Grove
Tabor
Tabor City
Tacoma
Taconic
Taft
Taftville
Tahlequah
Tahoe City
Tahoe Vista
Tahoka
Taholah
Takoma Park
Talbott
Talbotton
Talent
Talihina
Talladega
Tallahassee
Tallapoosa
Tallassee
Tallmadge
Tallman
Tallulah
Taloga
Tama
Tamaqua
Tamaroa
Tamms
Tampa
Tamworth
Tanacross
Taneytown
Taneyville
Tangent
Tannersville
Taos
Tappahannock
Tappan
Tappen
Tarboro
Tarentum
Tariffville
Tarkio
Tarpon Springs
Tarrytown
Tarzana
Taunton
Tavares
Tavernier
Tawas
Tawas City
Taylors
Taylorsville
Taylorville
Tazewell
Teaneck
Teays
Techny
Tecumseh
Teec Nos Pos
Tehachapi
Tekamah
Tekoa
Tekonsha
Telford
Tell City
Tellico Plains
Telluride
Temecula
Tempe
Temple City
Temple Hills
Templeton
Ten Sleep
Tenafly
Tenaha
Tenants Harbor
Tenino
Tennessee Ridge
Tennille
Terrace Park
Terral
Terre Haute
Terrell
Terril
Terry
Terryville
Tesuque
Teterboro
Teton Village
Teutopolis
Tewksbury
Texarkana
Texas City
Texico
Thatcher
Thayer
The Colony
The Dalles
The Plains
Thedford
Theodore
Theodosia
Thermal
Thermopolis
Thibodaux
Thief River Falls
Thiells
Thiensville
Thomasboro
Thomaston
Thomasville
Thompson Falls
Thompsons
Thomson
Thonotosassa
Thoreau
Thornburg
Thorndale
Thorndike
Thorne Bay
Thornfield
Thornton
Thorntown
Thornville
Thornwood
Thorofare
Thorp
Thousand Oaks
Thousand Palms
Three Bridges
Three Forks
Three Lakes
Three Oaks
Three Rivers
Throckmorton
Ticonderoga
Tie Plant
Tierra Amarilla
Tiff City
Tiffin
Tifton
Tigerton
Tijeras
Tilden
Tillamook
Tillery
Tilton
Timber Lake
Timberlake
Timbo
Timmonsville
Timpson
Tina
Tinley Park
Tioga
Tionesta
Tipp City
Tippecanoe
Tipton
Tiptonville
Tiro
Tisbury
Tisch Mills
Tishomingo
Titonka
Titusville
Tiverton
Tivoli
Toano
Tobaccoville
Tobyhanna
Toccoa
Toccoa Falls
Tofte
Tohatchi
Toledo
Tolland
Tolleson
Tollhouse
Tolono
Tolstoy
Toluca
Tom Bean
Tom Green County
Tomah
Tomales
Tomball
Tomkins Cove
Tompkinsville
Toms River
Tonasket
Tonawanda
Toney
Tonganoxie
Tonica
Tonkawa
Tonopah
Tontitown
Tontogany
Tooele
Topanga
Topawa
Topeka
Topmost
Toppenish
Topsfield
Topsham
Topton
Toquerville
Tornillo
Torrance
Torrington
Totowa
Totten
Touchet
Toulon
Toutle
Towaco
Towanda
Towaoc
Tower City
Towner
Townsend
Townshend
Township
Towson
Trabuco Canyon
Tracy City
Tracyton
Traer
Trafalgar
Trafford
Tranquillity
Transfer
Travelers Rest
Traver
Traverse City
Travis
Tremont
Tremonton
Trenton
Trevor
Trevorton
Trexlertown
Treynor
Triadelphia
Triangle
Tribune
Trimble
Trimont
Trinidad
Trinity
Trion
Tripoli
Tripp
Trivoli
Trona
Trout Creek
Trout Lake
Trout Run
Troutdale
Troutman
Troutville
Troy Mills
Truckee
Truman
Trumann
Trumansburg
Trumbull
Truro
Trussville
Truth Or Consequences
Tryon
Tualatin
Tuba City
Tuckahoe
Tucker
Tuckerton
Tucson
Tucumcari
Tujunga
Tulare
Tularosa
Tulelake
Tulia
Tullahoma
Tully
Tulsa
Tumwater
Tunbridge
Tunica
Tunkhannock
Tunnel Hill
Tunnelton
Tununak
Tupelo
Tupman
Tupper Lake
Turbeville
Turlock
Turner
Turners Falls
Turon
Turtle Creek
Turtle Lake
Turtletown
Tuscaloosa
Tuscola
Tuscumbia
Tuskegee
Tustin
Tuttle
Tuxedo Park
Twain Harte
Twentynine Palms
Twin Bridges
Twin Falls
Twin Lake
Twin Lakes
Twin Mountain
Twin Peaks
Twin Valley
Twining
Twinsburg
Twisp
Two Harbors
Two Rivers
Tybee Island
Tye
Tyler
Tylertown
Tyndall
Tyner
Tyngsboro
Tyringham
Tyrone
Ubly
Udall
Uhrichsville
Ukiah
Ulen
Ulla
Ullin
Ulster Park
Ulysses
Umatilla
Unalaska
Uncasville
Underhill
Underwood
Unicoi
Union Bridge
Union City
Union Grove
Union Mills
Union Point
Union Springs
Union Star
Uniondale
Uniontown
Unionville
Universal City
University Park
University Place
Upatoi
Upham
Upland
Upper Black Eddy
Upper Darby
Upper Lake
Upper Marlboro
Upper Sandusky
Upperville
Upsala
Upton
Urbana
Urbandale
Urbanna
Usaf academy
Utica
Utopia
Uvalde
Uwchland
Uxbridge
Vacaville
Vacherie
Vail
Valatie
Valders
Valdese
Valdez
Valdosta
Valencia
Valentine
Valhalla
Valle
Vallejo
Valley City
Valley Cottage
Valley Forge
Valley Grove
Valley Lee
Valley Park
Valley Springs
Valley Stream
Valley View
Valley Village
Valleyford
Valliant
Vallonia
Valmeyer
Valparaiso
Valrico
Van Alstyne
Van Buren
Van Dyne
Van Horn
Van Horne
Van Meter
Van Nuys
Van Vleck
Van Wert
Vanceboro
Vanceburg
Vandalia
Vanderbilt
Vandergrift
Vanderwagen
Vansant
Vanzant
Varney
Varnville
Vashon
Vassalboro
Vassar
Vaughn
Vaughnsville
Vauxhall
Veblen
Veedersburg
Vega
Velma
Velva
Venango
Veneta
Venetia
Venice
Ventnor City
Ventura
Venus
Veradale
Verdi
Vergennes
Vergne
Verkin
Vermilion
Vermillion
Vermont
Vermontville
Vernal
Verndale
Verne
Vernia
Vernon
Vernon Hills
Vernon Rockville
Vernonia
Vero Beach
Verona
Versailles
Vesper
Vesta
Vestal
Vevay
Veyo
Vian
Viborg
Viburnum
Vicco
Vici
Vicksburg
Victorville
Vidal
Vidalia
Vidor
Vienna
Vilas
VilGrove
Nagog Woods
Villanova
Villanueva
Ville Platte
Villisca
Vilonia
VilPark
VilRica
Vinalhaven
Vincennes
Vincentown
Vineland
Vinemont
Vineyard
Vineyard Haven
Vinita
Vinton
Vintondale
Viola
Viper
Virden
Virgil
Virgilina
Virgin
Virginia
Virginia Beach
Virginia City
Viroqua
Visalia
Vista
Vivian
Volga
Voluntown
Vonore
Voorhees
Voorheesville
Waban
Wabash
Wabasha
Wabasso
Wabeno
Waccabuc
Waco
Waconia
Waddell
Waddington
Wadena
Wadesboro
Wading River
Wadley
Wadsworth
Wagner
Wagoner
Wagontown
Wagram
Wahiawa
Wahoo
Wahpeton
Waialua
Waianae
Waikoloa
Wailuku
Waipahu
Waite Park
Waitsburg
Waitsfield
Wakarusa
Wake Forest
Wakeeney
Wakefield
Wakeman
Wakita
Wakonda
Wakpala
Walbridge
Walcott
Walden
Waldo
Waldoboro
Waldorf
Waldron
Waldwick
Wales
Waleska
Walhalla
Walker
Walkersville
Walkerton
Walkerville
Wall
Wall Lake
Wallace
Wallaceton
Walled Lake
Waller
Walling
Wallingford
Wallington
Wallis
Wallkill
Walloon Lake
Wallops Island
Wallowa
Wallpack
Walls
Walnut Bottom
Walnut Cove
Walnut Creek
Walnut Grove
Walnut Ridge
Walpole
Walsenburg
Walterboro
Walters
Waltham
Walton
WalWalla
Walworth
Wamego
Wanamingo
Wanaque
Wanatah
Wanchese
Wanette
Wantagh
Wapakoneta
Wapato
Wapello
Wapiti
Wappingers Falls
Wapwallopen
Ward
Wardell
Warden
Wardsboro
Ware
Ware Shoals
Wareham
Waretown
Warfordsburg
Warm Springs
Warminster
Warner Robins
Warner Springs
Warnock
Warren
Warrendale
Warrensburg
Warrensville
Warrenton
Warrenville
Warrington
Warriors Mark
Warroad
Warsaw
Wartburg
Warwick
Wasco
Waseca
Washakie
Washburn
Washington
Washoe Valley
Washougal
Washtenaw County
Washtucna
Wasilla
Waskom
Watchung
Water Mill
Water Valley
Waterboro
Waterbury
Waterfall
Waterflow
Waterford
Waterloo
Waterman
Waterproof
Watersmeet
Watertown
Waterville
Waterville Valley
Watervliet
Watford City
Wathena
Watkins Glen
Watkinsville
Watonga
Watrous
Watseka
Watsontown
Watsonville
Watts
Wattsville
Waubay
Waubun
Wauchula
Waucoma
Wauconda
Waukee
Waukegan
Waukena
Waukesha
Waukomis
Waukon
Waunakee
Waupaca
Waupun
Wauregan
Waurika
Wausa
Wausau
Wausaukee
Wauseon
Wautoma
Wauzeka
Waveland
Waverly
Wawaka
Waxahachie
Waxhaw
Waycross
Wayland
Waymart
Wayne
Wayne City
Waynesboro
Waynesburg
Waynesfield
Waynesville
Wayzata
Weare
Weatherford
Weatherly
Weatogue
Weaubleau
Weaverville
Webb
Webb City
Webbers Falls
Webberville
Weber City
Webster
Webster City
Webster Springs
Websterville
Wedowee
Wedron
Weedsport
Weehawken
Weeping Water
Weidman
Weiner
Weippe
Weirton
Weiser
Welch
Welches
Welcome
Weld
Weldon
Weldona
Weleetka
Wellborn
Wellesley
Wellesley Island
Wellfleet
Wellington
Wellman
Wellpinit
Wells
Wells River
Wellsboro
Wellsburg
Wellston
Wellsville
Wellton
Welsh
Wenatchee
Wendell
Wendover
Wenham
Wenona
Wentworth
Wentzville
Weott
Wernersville
Weskan
Weslaco
Wesley
Wessington
Wesson
Westborough
Westbrook
Westbury
Westby
Westchester
Westcliffe
Westerly
Western Springs
Westernport
Westerville
Westfield
Westford
Westhampton
Westhope
Westlake
Westland
Westley
Westminster
Westmont
Westmoreland
Westmorland
Weston
Westover
Westphalia
Westpoint
Westport
Westside
Westtown
Westville
Westwego
Westwood
Wethersfield
Wetumka
Wetumpka
Wewoka
Wexford
Weyauwega
Weyerhaeuser
Weyers Cave
Weymouth
Wharton
What Cheer
Whately
Wheat Ridge
Wheatfield
Wheatland
Wheaton
Wheeler
Wheelersburg
Wheeling
Whippany
White City
White Cloud
White Hall
White House
White Lake
White Marsh
White Pigeon
White Plains
White River
White River Junction
White Stone
White Sulphur Springs
White Swan
Whiteface
Whitefield
Whitefish
Whiteford
Whitehall
Whitehouse
Whitehouse Station
Whiteland
Whitelaw
Whiteman
Whiteriver
Whites Creek
Whitesboro
Whitesburg
Whitestone
Whitestown
Whitethorn
Whiteville
Whitewater
Whitewood
Whitewright
Whitharral
Whiting
Whitinsville
Whitley
Whitman
Whitmire
Whitmore Lake
Whitney
Whitsett
Whittemore
Whittier
Wibaux
Wichita
Wichita Falls
Wickenburg
Wickliffe
Wiggins
Wikieup
Wilber
Wilberforce
Wilbraham
Wilbur
Wilburton
Wilcox
Wild Rose
Wilder
Wildomar
Wildrose
Wildwood
Wilkes Barre
Wilkesboro
Wilkeson
Willamina
Willard
Willards
Willcox
Williams
Williams Bay
Williamsburg
Williamsfield
Williamson
Williamson County
Williamsport
Williamston
Williamstown
Williamsville
Willimantic
Willingboro
Willington
Williston
Willits
Willmar
Willoughby
Willow City
Willow Creek
Willow Grove
Willow Hill
Willow Lake
Willow River
Willow Spring
Willow Springs
Willow Street
Willow Wood
Wills Point
Willsboro
Wilmerding
Wilmette
Wilmington
Wilmore
Wilmot
Wilsall
Wilsonville
Wilton
Wimauma
Wimberley
Wimbledon
Winamac
Winchendon
Winchester
Wind Gap
Wind Ridge
Winder
Windermere
Windham
Windom
Window Rock
Windsor
Winfield
Wingdale
Winifred
Winkelman
Winlock
Winnebago
Winneconne
Winnemucca
Winner
Winnetka
Winnett
Winnfield
Winnisquam
Winnsboro
Winona
Winona Lake
Winooski
Winslow
Winsted
Winston
Winston Salem
Winter Garden
Winter Harbor
Winter Haven
Winter Park
Winter Springs
Winterhaven
Winterport
Winterset
Winterthur
Winterville
Winthrop
Winton
Wirtz
Wiscasset
Wisconsin Dells
Wisconsin Rapids
Wiseman
Wishek
Wishram
Wisner
Witten
Wittenberg
Wittmann
Wixom
Woburn
Woden
Wolbach
Wolcott
Wolf Point
Wolfe City
Wolfeboro
Wolfeboro Falls
Wolfforth
Wolford
Wolsey
Wolverine
Wolverton
Womelsdorf
Wonder Lake
Wonewoc
Wood Dale
Wood Lake
Wood Ridge
Wood River
Wood River Junction
Woodacre
Woodberry Forest
Woodbine
Woodbridge
Woodburn
Woodbury
Woodbury Heights
Woodcliff Lake
Woodhaven
Woodhull
Woodinville
Woodlake
Woodland
Woodland Hills
Woodland Park
Woodlawn
Woodmere
Woodridge
Woodrow
Woodruff
Woods Cross
Woods Hole
Woodsboro
Woodsfield
Woodside
Woodstock
Woodstock Valley
Woodstown
Woodsville
Woodville
Woodward
Woodway
Woody Creek
Woolstock
Woolwich
Woonsocket
Wooster
Worcester
Worland
Worley
Worth
Worthing
Worthington
Wrangell
Wray
Wrens
Wrenshall
Wrentham
Wright
Wrightstown
Wrightsville
Wrightsville Beach
Wrightwood
Wyaconda
Wyalusing
Wyandanch
Wyandotte
Wyckoff
Wycombe
Wye Mills
Wykoff
Wylie
Wymore
Wynantskill
Wyncote
Wyndmere
Wynne
Wynnewood
Wynona
Wyoming
Wysox
Wytheville
Wytopitlock
Xavier
Xenia
Yachats
Yadkinville
Yakima
Yakutat
Yale
Yamhill
Yanceyville
Yankton
Yantic
Yaphank
Yarmouth
Yarmouth Port
Yates
Yates City
Yazoo City
Yellow Springs
Yellowstone
Yellville
Yelm
Yeoman
Yerington
Yermo
Ynez
Yoakum
Yolo
Yoncalla
Yonkers
Yorba Linda
York County
York Haven
York Mills
York Springs
Yorklyn
Yorktown
Yorkville
Young America
Young Harris
Youngstown
Youngsville
Youngtown
Youngwood
Yountville
Ypsilanti
Yreka
Ysidro
Yuba City
Yucaipa
Yucca Valley
Yukon
Yulee
Yuma
Zachary
Zalma
Zanesville
Zapata
Zarephath
Zearing
Zebulon
Zeeland
Zelienople
Zellwood
Zephyr Cove
Zephyrhills
Zieglerville
Zillah
Zimmerman
Zion
Zoar
Zortman
Zumbrota
Zuni